"","ID","X","Date","Block","Treatment","Genus","Species","Common.Name","Height..m.","Notes","Point_ID","Longitude","Latitude","Altitude","Easting","Northing","PDOP","HDOP"
"1","1",1,"10/8/2016",4,"LD","Acer","saccharinum","silver maple","0.55",NA,196,-93.6652205,42.03491029,271.468,444938.013,4653866.319,2.2,1.2
"2","10",10,"10/8/2016",4,"LD",NA,NA,NA,"0.88","not a tree",205,-93.66514472,42.03475294,271.901,444944.149,4653848.799,6.3,5.3
"3","100",100,"10/13/2016",1,"LD","Acer","negundo","boxelder","0.97","near strip/not within 15cm",49,-93.66484893,42.03529182,271.487,444969.098,4653908.441,2.7,1.5
"4","101",101,"10/13/2016",1,"HD","Acer","negundo","boxelder","0.98","right next to burrown, next to cover plot",50,-93.66493457,42.03543733,270.46,444962.134,4653924.652,2.6,1.3
"5","102",102,"10/13/2016",1,"HD","Acer","negundo","boxelder","0.81","next to cover plot",51,-93.66493625,42.03543428,270.778,444961.993,4653924.315,2.6,1.3
"6","103",103,"10/13/2016",1,"HD","Vitus","riparia","grape vine","-",NA,52,-93.6649418,42.03543712,270.795,444961.536,4653924.633,2.3,1.3
"7","104",104,"10/13/2016",1,"HD","Acer","negundo","boxelder","0.87","cover plot",53,-93.66494262,42.03540806,270.677,444961.443,4653921.407,3.4,1.8
"8","105",105,"10/13/2016",1,"HD","Acer","saccharinum","silver maple","0.5",NA,54,-93.6649514,42.03534843,270.554,444960.665,4653914.792,2.9,2.2
"9","106",106,"10/16/2016",1,"HD","unknown","unknown","unknown","0.73","one elaf - rough, not lobed, buds lobed, small brown",55,-93.6649548,42.03529435,271.444,444960.337,4653908.79,3.6,3
"10","107",107,"10/16/2016",1,"HD","Fraxinus","pennsylvanica","green ash","0.59",NA,64,-93.66498164,42.03526989,272.351,444958.094,4653906.091,19.6,10.7
"11","108",108,"10/16/2016",1,"HD","Vitus","riparia","grape vine","-","pretty dead",65,-93.66496434,42.03529687,270.875,444959.55,4653909.076,2,1.3
"12","109",109,"10/16/2016",1,"HD","Acer","negundo","boxelder","0.58",NA,66,-93.66495764,42.03532957,271.13,444960.132,4653912.702,2.5,1.6
"13","11",11,"10/8/2016",4,"LD","Acer","saccharinum","silver maple","0.51",NA,206,-93.66516697,42.03489284,271.278,444942.428,4653864.347,4,2.2
"14","110",110,"10/16/2016",1,"LD","Ulmus","pumila","siberian elm","0.52","leaves not glaborous",67,-93.66498036,42.03543967,269.279,444958.346,4653924.941,3.1,1.8
"15","111",111,"10/16/2016",1,"LD/HD","Acer","saccharinum","silver maple","0.56",NA,68,-93.66501669,42.03536288,271.304,444955.273,4653916.439,5.8,5.3
"16","112",112,"10/16/2016",1,"HD","Vitus","riparia","grape vine","-","dead",69,-93.66499324,42.03533992,271.048,444957.194,4653913.875,3.8,2.2
"17","113",113,"10/16/2016",1,"HD","Acer","negundo","boxelder","0.7",NA,70,-93.66500962,42.03530451,270.672,444955.808,4653909.953,4.5,2.3
"18","114",114,"10/16/2016",1,"LD","Acer","negundo","boxelder","1.13","on strip ",71,-93.66505264,42.03531086,269.687,444952.253,4653910.686,3.1,2.1
"19","115",115,"10/16/2016",1,"LD","Fraxinus","pennsylvanica","green ash","0.74",NA,72,-93.66504048,42.03532686,270.874,444953.273,4653912.454,53.6,35
"20","116",116,"10/16/2016",1,"LD","Acer","negundo","boxelder","0.54",NA,73,-93.66506181,42.0353819,269.534,444951.555,4653918.58,35.5,22.5
"21","117",117,"10/16/2016",1,"LD","Acer","negundo","boxelder","0.6",NA,74,-93.66506879,42.03538943,270.107,444950.984,4653919.42,5,2.9
"22","118",118,"10/16/2016",1,"LD","Vitus","riparia","grape vine","-","dead",75,-93.66502362,42.0354737,269.558,444954.795,4653928.748,5.1,3.1
"23","119",119,"10/16/2016",1,"LD","Acer","negundo","boxelder","0.56",NA,76,-93.66505199,42.03550487,269.742,444952.474,4653932.226,4.3,2.2
"24","12",12,"10/8/2016",4,"LD","Cornus","drummondii","roughleaf dogwood","1.11","same as 8",207,-93.66518036,42.03490668,271.33,444941.332,4653865.892,4.4,2.2
"25","120",120,"10/16/2016",1,"LD","Vitus","riparia","grape vine","-",NA,77,-93.66506595,42.03550696,269.629,444951.32,4653932.467,9.3,6
"26","121",121,"10/16/2016",1,"LD","Acer","negundo","boxelder","0.55",NA,78,-93.66506902,42.0354928,270.199,444951.054,4653930.897,4.8,2.5
"27","122",122,"10/16/2016",1,"LD","Acer","negundo","boxelder","0.59",NA,79,-93.66512867,42.03542499,269.496,444946.058,4653923.406,16.7,9.5
"28","123",123,"10/16/2016",1,"LD","Acer","negundo","boxelder","0.64","little leaves, stems too red?",80,-93.66505862,42.03541772,269.386,444951.85,4653922.554,6.4,3.2
"29","124",124,"10/16/2016",1,"LD","Acer","negundo","boxelder","0.56",NA,81,-93.66512397,42.03523719,270.937,444946.285,4653902.552,6.4,3.1
"30","125",125,"10/16/2016",5,"LD","Rubus","unknown","raspberry","0.54",NA,82,-93.66471859,42.03486287,273.577,444979.516,4653860.731,5.5,1.6
"31","126",126,"10/16/2016",5,"LD","Platanus","occidentalis","sycamore","0.67","on a strip",83,-93.66474605,42.03485018,273.81,444977.233,4653859.339,9.2,3.9
"32","127",127,"10/16/2016",5,"LD","Pyrus","calleryana","callery pear","0.78",NA,84,-93.66470453,42.03484808,273.823,444980.667,4653859.08,3.8,1.5
"33","129",129,"10/16/2016",5,"LD","Ulmus","pumila","siberian elm",NA,"not high enough",86,-93.66477414,42.03482878,274.136,444974.889,4653856.981,4.1,1.5
"34","13",13,"10/8/2016",4,"LD","Prunus","serotina","black cherry","0.84","black cherry - orange hairs on midvein, black nodules ",208,-93.66506983,42.0348791,271.066,444950.457,4653862.758,4.6,2.4
"35","130",130,"10/16/2016",5,"LD","Acer","saccharinum","silver maple","0.56",NA,87,-93.66479749,42.03482759,273.921,444972.955,4653856.864,2.2,1.2
"36","131",131,"10/16/2016",5,"LD","Acer","saccharinum","silver maple","0.62",NA,88,-93.66479376,42.03481553,274.023,444973.253,4653855.523,3.1,1.4
"37","132",132,"10/16/2016",5,"LD","Cornus","drummondii","roughleaf dogwood","1.26",NA,90,-93.66476742,42.03480088,274.251,444975.421,4653853.879,2.9,1.4
"38","132",132,"10/16/2016",5,"LD","Cornus","drummondii","roughleaf dogwood","1.26",NA,89,-93.66478046,42.03480426,273.742,444974.345,4653854.263,2.2,1.2
"39","134",134,"10/16/2016",5,"LD","Ulmus","pumila","siberian elm","1.06","? Simple and compound",91,-93.66476576,42.0347923,274.193,444975.551,4653852.926,2.9,1.4
"40","135",135,"10/16/2016",5,"LD","unknown","unknown","unknown","0.69","serviceberry?",92,-93.66476332,42.03479227,273.886,444975.753,4653852.921,3.6,1.7
"41","136",136,"10/16/2016",5,"LD","Acer","saccharinum","silver maple","0.59",NA,93,-93.66479291,42.03478735,273.873,444973.3,4653852.394,3.9,1.8
"42","137",137,"10/16/2016",5,"LD","Acer","saccharinum","silver maple","0.8",NA,94,-93.664798,42.03478529,273.841,444972.876,4653852.168,2.2,1.2
"43","138",138,"10/16/2016",5,"LD","Prunus","serotina","black cherry","0.68",NA,95,-93.66478543,42.03477578,273.669,444973.909,4653851.104,2.2,1.2
"44","139",139,"10/16/2016",5,"LD","Acer","saccharinum","silver maple","0.66",NA,96,-93.66480051,42.03472412,274.179,444972.616,4653845.378,4.1,1.7
"45","14",14,"10/8/2016",4,"LD","Prunus","serotina","black cherry","0.63",NA,209,-93.66506931,42.03487565,271.12,444950.497,4653862.375,4.6,2.5
"46","140",140,"10/16/2016",5,"LD","Acer","saccharinum","silver maple","0.71",NA,97,-93.66480115,42.03471809,274.262,444972.558,4653844.708,4.1,1.7
"47","141",141,"10/16/2016",5,"LD","Cornus","drummondii","roughleaf dogwood","0.85",NA,98,-93.66476583,42.03471274,274.318,444975.477,4653844.092,2.5,1.3
"48","142",142,"10/16/2016",5,"LD","Ulmus","pumila","siberian elm","0.99","-",99,-93.66477457,42.03470126,274.321,444974.744,4653842.823,2.3,1.2
"49","143",143,"10/16/2016",5,"LD","Cornus","drummondii","roughleaf dogwood","0.5",NA,101,-93.66478088,42.0346911,274.164,444974.212,4653841.699,4.2,1.7
"50","144",144,"10/16/2016",5,"LD","Cornus","drummondii","roughleaf dogwood","0.66",NA,100,-93.66478439,42.03469345,274.282,444973.924,4653841.963,4.2,1.7
"51","145",145,"10/16/2016",5,"LD","unknown","unknown","cherry family","0.59",NA,102,-93.6647778,42.03466712,274.255,444974.447,4653839.034,4.2,1.7
"52","146",146,"10/16/2016",5,"LD","Cornus","drummondii","roughleaf dogwood","1.8",NA,103,-93.6647564,42.03464256,274.539,444976.197,4653836.294,4.2,1.7
"53","147",147,"10/16/2016",5,"LD","Acer","saccharinum","silver maple","0.66",NA,104,-93.66478374,42.03464034,275.14,444973.932,4653836.065,5.8,5.4
"54","148",148,"10/16/2016",5,"LD","Cornus","drummondii","roughleaf dogwood","0.58",NA,105,-93.66477275,42.03463357,274.006,444974.836,4653835.306,2.5,1.5
"55","149",149,"10/16/2016",5,"LD","Acer","saccharinum","silver maple","1.8",NA,106,-93.66479759,42.03461238,275.526,444972.761,4653832.97,4.2,1.7
"56","15",15,"10/8/2016",4,"LD","Prunus","serotina","black cherry","0.5",NA,210,-93.66506703,42.03487339,271.362,444950.684,4653862.123,4.6,2.5
"57","150",150,"10/16/2016",5,"LD",NA,NA,NA,NA,"too short ",107,-93.66473693,42.03462989,274.614,444977.797,4653834.874,4.1,1.7
"58","151",151,"10/16/2016",5,"LD","Acer","saccharinum","silver maple","1.2",NA,108,-93.66472157,42.03467297,274.573,444979.106,4653839.648,4.1,1.8
"59","152",152,"10/16/2016",5,"LD","Acer","negundo","boxelder","0.94","red waxy stems",109,-93.66472627,42.03467796,274.641,444978.722,4653840.205,4.1,1.8
"60","153",153,"10/16/2016",5,"LD/HD","Fraxinus","pennsylvanica","green ash","1.18",NA,110,-93.66471403,42.0347175,274.866,444979.769,4653844.588,4.2,1.9
"61","154",154,"10/16/2016",5,"LD/HD","Acer","negundo","boxelder","1.17",NA,111,-93.66472162,42.03472796,274.008,444979.149,4653845.753,4.1,1.7
"62","155",155,"10/16/2016",5,"LD/HD","unknown","unknown","unknown",NA,NA,112,-93.66472196,42.03472804,274.142,444979.122,4653845.762,4.1,1.8
"63","156",156,"10/16/2016",5,"LD/HD","Acer","saccharinum","silver maple","0.85",NA,113,-93.66470662,42.03473742,274.297,444980.399,4653846.794,4.8,1.9
"64","157",157,"10/16/2016",5,"LD/HD","Acer","saccharinum","silver maple","0.92","deep lboes",114,-93.66472556,42.03476685,273.031,444978.857,4653850.074,4.3,2
"65","158",158,"10/16/2016",5,"LD/HD","unknown","unknown","unknown","0.69","simple, opposite",115,-93.66472911,42.03477403,273.957,444978.569,4653850.873,7,3.3
"66","159",159,"10/16/2016",5,"LD","Acer","saccharinum","silver maple","0.824",NA,116,-93.66473304,42.03481059,273.277,444978.275,4653854.936,4,1.8
"67","16",16,"10/8/2016",4,"LD","Prunus","serotina","black cherry","0.63",NA,211,-93.66506312,42.03487383,271.431,444951.008,4653862.169,3.1,2.1
"68","160",160,"10/16/2016",5,"LD","Acer","saccharinum","silver maple","0.685",NA,117,-93.66471044,42.03483005,273.604,444980.163,4653857.081,4.3,2.5
"69","161",161,"10/16/2016",5,"LD","Acer","saccharinum","silver maple","0.78",NA,118,-93.66467288,42.03482316,273.62,444983.266,4653856.292,4.6,2.5
"70","162",162,"10/16/2016",5,"LD","Acer","saccharinum","silver maple","1.08",NA,119,-93.66467643,42.03480695,273.478,444982.958,4653854.494,3.7,1.8
"71","163",163,"10/16/2016",5,"HD","Prunus","serotina","black cherry","1.39",NA,120,-93.66469888,42.0347861,273.53,444981.082,4653852.194,3.8,1.8
"72","164",164,"10/16/2016",5,"HD","Prunus","serotina","black cherry","1.25",NA,121,-93.6646906,42.03478677,273.259,444981.768,4653852.263,4,1.9
"73","165",165,"10/16/2016",5,"HD",NA,NA,NA,NA,"not a tree",122,-93.66469537,42.03477931,272.713,444981.367,4653851.438,4.6,2.3
"74","166",166,"10/16/2016",5,"HD","Prunus","serotina","black cherry","0.68",NA,123,-93.66470248,42.03478542,272.647,444980.783,4653852.121,5,2.7
"75","167",167,"10/16/2016",5,"HD","Acer","saccharinum","silver maple","1.33",NA,124,-93.66470221,42.03478015,272.86,444980.801,4653851.536,5.1,2.7
"76","168",168,"10/16/2016",5,"HD","Prunus","serotina","black cherry","1.03",NA,125,-93.66469144,42.03477696,272.481,444981.689,4653851.175,4.1,2
"77","169",169,"10/16/2016",5,"LD/HD","Acer","saccharinum","silver maple","1.05",NA,126,-93.66467665,42.03477985,272.213,444982.917,4653851.486,4.1,2
"78","17",17,"10/8/2016",4,"LD","Prunus","serotina","black cherry","0.68",NA,212,-93.66506399,42.03486907,271.051,444950.932,4653861.641,4.7,2.6
"79","170",170,"10/16/2016",5,"LD/HD","Acer","saccharinum","silver maple","0.87",NA,127,-93.66468874,42.03475774,272.118,444981.896,4653849.039,5.4,2.8
"80","172",172,"10/16/2016",5,"LD","Ulmus","americana","american elm","1.54","find edge vs. slip.",128,-93.66468496,42.03461615,272.936,444982.087,4653833.316,4.2,2.1
"81","173",173,"10/16/2016",5,"LD","Acer","saccharinum","silver maple","0.5",NA,129,-93.6646574,42.03464075,272.817,444984.389,4653836.029,4.6,2.5
"82","174",174,"10/16/2016",5,"LD","Acer","saccharinum","silver maple","0.6",NA,130,-93.66466306,42.03465828,272.694,444983.936,4653837.979,5.6,2.5
"83","175",175,"10/16/2016",5,"LD","Ulmus","pumila","siberian elm","1.01",NA,131,-93.66467951,42.03466227,273.656,444982.579,4653838.433,5.6,2.8
"84","176",176,"10/16/2016",5,"LD","Acer","saccharinum","silver maple","1.04",NA,132,-93.66467145,42.03466798,273.23,444983.25,4653839.061,4.2,2.1
"85","177",177,"10/16/2016",5,"HD","Acer","saccharinum","silver maple","1.11",NA,133,-93.664661,42.03471097,274.515,444984.152,4653843.828,2.7,1.7
"86","178",178,"10/16/2016",5,"HD","unknown","unknown","unknown","1.25","serviceberry?",134,-93.66466331,42.03472243,274.011,444983.971,4653845.102,3.2,1.9
"87","179",179,"10/16/2016",5,"HD","Prunus","serotina","black cherry","1.39","145",135,-93.66466926,42.03472754,273.92,444983.483,4653845.673,4.4,2.2
"88","18",18,"10/8/2016",4,"LD","Prunus","serotina","black cherry","0.69",NA,213,-93.66506105,42.03486951,271.272,444951.176,4653861.688,4.7,2.6
"89","180",180,"10/16/2016",5,"HD","Acer","saccharinum","silver maple","1.21",NA,136,-93.66466383,42.03473829,273.475,444983.942,4653846.863,2.4,1.4
"90","181",181,"10/16/2016",5,"LD/HD","Vitus","riparia","grape vine","-",NA,137,-93.66465845,42.0347596,273.214,444984.405,4653849.225,2.7,1.7
"91","182",182,"10/16/2016",5,"LD/HD","Cornus","drummondii","roughleaf dogwood","1.11",NA,138,-93.66465387,42.03476363,273.046,444984.788,4653849.67,4.6,2.7
"92","183",183,"10/16/2016",5,"LD/HD","Acer","saccharinum","silver maple","1.42",NA,139,-93.66465671,42.03476841,273.212,444984.557,4653850.203,2.2,1.2
"93","184",184,"10/16/2016",5,"LD","Prunus","serotina","black cherry","1.37",NA,140,-93.66467167,42.03479162,272.764,444983.339,4653852.79,2.2,1.2
"94","185",185,"10/16/2016",5,"LD","Acer","saccharinum","silver maple","0.81",NA,141,-93.66466505,42.03479875,273.319,444983.893,4653853.577,3.2,2.1
"95","186",186,"10/16/2016",5,"HD","Acer","saccharinum","silver maple","0.71",NA,142,-93.66462289,42.03474784,274.106,444987.339,4653847.898,2.3,1.2
"96","187",187,"10/16/2016",5,"HD","Acer","saccharinum","silver maple","0.69",NA,143,-93.66461153,42.03472517,274.679,444988.259,4653845.373,3.4,1.8
"97","188",188,"10/16/2016",5,"LD/HD","Acer","saccharinum","silver maple","1.02",NA,144,-93.66461745,42.03471906,274.535,444987.764,4653844.699,2.2,1.1
"98","189",189,"10/16/2016",5,"LD/HD","Acer","saccharinum","silver maple","1.04",NA,145,-93.66462421,42.03471972,274.278,444987.205,4653844.777,2.2,1.1
"99","19",19,"10/8/2016",4,"LD","Prunus","serotina","black cherry","0.9",NA,214,-93.66506401,42.03487494,271.355,444950.936,4653862.293,4.7,2.6
"100","19",19,"10/8/2016",4,"LD","Prunus","serotina","black cherry","0.9",NA,567,-93.66402785,42.03463387,273.031,445036.494,4653834.861,2.5,1.3
"101","190",190,"10/16/2016",5,"LD","Acer","saccharinum","silver maple","0.88",NA,146,-93.66464346,42.03469929,273.903,444985.594,4653842.519,7.4,3.3
"102","191",191,"10/16/2016",5,"LD","Fraxinus","pennsylvanica","green ash","1.23",NA,147,-93.66464753,42.03469107,274.088,444985.251,4653841.61,2.1,1.1
"103","192",192,"10/16/2016",5,"LD","Acer","saccharinum","silver maple","0.66",NA,148,-93.6646437,42.03468401,274.098,444985.561,4653840.824,2.1,1.1
"104","193",193,"10/16/2016",5,"LD","Cornus","drummondii","roughleaf dogwood","1.22","m/p",150,-93.66464037,42.03466686,274.654,444985.822,4653838.917,2,1.1
"105","194",194,"10/16/2016",5,"LD","Acer","saccharinum","silver maple","0.57",NA,149,-93.66464306,42.03467621,273.846,444985.608,4653839.957,2.4,1.3
"106","195",195,"10/16/2016",5,"LD","Acer","saccharinum","silver maple","1.06",NA,151,-93.6646343,42.03460665,274.568,444986.273,4653832.228,8.8,4.1
"107","196",196,"10/16/2016",5,"LD","Acer","saccharinum","silver maple","0.55",NA,152,-93.66462229,42.03464428,273.722,444987.299,4653836.398,2.9,1.8
"108","197",197,"10/16/2016",5,"LD","Cornus","drummondii","roughleaf dogwood","0.68",NA,153,-93.66457126,42.03462965,273.965,444991.511,4653834.742,2.5,1.3
"109","198",198,"10/16/2016",5,"LD","Cornus","drummondii","roughleaf dogwood","1.33",NA,154,-93.66456243,42.03463807,273.92,444992.248,4653835.671,2.5,1.3
"110","199",199,"10/16/2016",5,"LD","Acer","saccharinum","silver maple","1.07",NA,155,-93.6645737,42.03465935,273.814,444991.334,4653838.041,3,1.4
"111","2",2,"10/8/2016",4,"LD","Acer","saccharinum","silver maple","0.55",NA,197,-93.6652017,42.03490547,271.295,444939.565,4653865.772,4.2,2.1
"112","20",20,"10/8/2016",4,"LD","Prunus","serotina","black cherry","0.56",NA,215,-93.66509027,42.03487323,270.756,444948.76,4653862.12,3.5,2.6
"113","200",200,"10/16/2016",5,"LD","Pyrus","calleryana","callery pear","0.6",NA,156,-93.66456568,42.03469112,274.577,444992.025,4653841.563,3,1.4
"114","201",201,"10/16/2016",5,"LD/HD","Acer","saccharinum","silver maple","0.8",NA,157,-93.66458098,42.03470311,273.906,444990.769,4653842.904,2.2,1.4
"115","202",202,"10/16/2016",5,"LD/HD","Fraxinus","pennsylvanica","green ash","0.6",NA,158,-93.66457864,42.03470718,274.243,444990.967,4653843.355,2.6,1.4
"116","203",203,"10/16/2016",5,"LD/HD","Acer","saccharinum","silver maple","0.76",NA,159,-93.66455864,42.03470326,274.492,444992.618,4653842.907,2,1.1
"117","204",204,"10/16/2016",5,"LD/HD","Acer","saccharinum","silver maple","0.77",NA,160,-93.66458183,42.03472404,274.716,444990.716,4653845.228,2.2,1.2
"118","205",205,"10/16/2016",5,"LD/HD","Acer","saccharinum","silver maple","0.77",NA,161,-93.66459962,42.03473833,274.229,444989.257,4653846.827,2.4,1.2
"119","206",206,"10/16/2016",5,"LD","Morus","alba","white mulberry","0.73","deep lobes ",162,-93.66458795,42.03474817,273.923,444990.231,4653847.911,2.7,1.4
"120","207",207,"10/16/2016",5,"LD","Acer","saccharinum","silver maple","0.82",NA,163,-93.66457668,42.0347479,273.91,444991.164,4653847.874,2.4,1.2
"121","208",208,"10/16/2016",5,"LD","Acer","saccharinum","silver maple","0.78",NA,164,-93.66458054,42.03475361,274.041,444990.849,4653848.511,3.1,1.8
"122","209",209,"10/16/2016",5,"LD","Pyrus","calleryana","callery pear","0.67",NA,165,-93.66458797,42.03476454,273.984,444990.244,4653849.729,2.5,1.2
"123","21",21,"10/8/2016",4,"HD","Prunus","serotina","black cherry","0.84","probs in HD",216,-93.66506279,42.03485204,272.471,444951.017,4653859.75,3.5,2.6
"124","210",210,"10/16/2016",5,"LD","Acer","saccharinum","silver maple","0.74",NA,166,-93.66457903,42.03476998,274.143,444990.988,4653850.327,5,2.7
"125","211",211,"10/16/2016",5,"LD","Vitus","riparia","grape vine","-","no leaves - dead leaves",167,-93.66460044,42.03479153,274.091,444989.234,4653852.734,2.5,1.2
"126","212",212,"10/16/2016",5,"LD","Vitus","riparia","grape vine","-","no leaves",168,-93.66462751,42.0347895,274.204,444986.992,4653852.525,2.6,1.3
"127","213",213,"10/16/2016",5,"LD/HD","Acer","saccharinum","silver maple","0.62",NA,169,-93.66463225,42.03478741,274.236,444986.598,4653852.297,2.6,1.3
"128","214",214,"10/16/2016",5,"LD","Acer","saccharinum","silver maple","1.23",NA,170,-93.66459766,42.0348123,273.719,444989.482,4653855.038,2.9,1.3
"129","215",215,"10/16/2016",5,"LD","Vitus","riparia","grape vine","-","no leaves ",171,-93.66458939,42.03481655,273.74,444990.171,4653855.505,4.6,1.7
"130","216",216,"10/16/2016",5,"LD","Acer","saccharinum","silver maple","1.06",NA,173,-93.66458273,42.03484352,273.622,444990.745,4653858.495,3.8,1.7
"131","217",217,"10/16/2016",5,"LD","Pyrus","calleryana","callery pear","1.08",NA,172,-93.6646039,42.03483855,273.564,444988.989,4653857.956,6.7,3.2
"132","218",218,"10/16/2016",5,"LD","Fraxinus","pennsylvanica","green ash","0.93",NA,174,-93.66458288,42.03483992,273.63,444990.73,4653858.095,3.8,1.7
"133","22",22,"10/8/2016",4,"HD","Vitus","riparia","grape vine","-","grape vine",217,-93.66508235,42.03480181,272.001,444949.354,4653854.185,4.6,2.6
"134","220",220,"10/16/2016",5,"LD","Vitus","riparia","grape vine","-",NA,175,-93.66458116,42.03484662,273.523,444990.878,4653858.838,2.7,1.3
"135","221",221,"10/16/2016",5,"LD","Cornus","drummondii","roughleaf dogwood","1.58",NA,176,-93.66452615,42.03484294,273.772,444995.428,4653858.394,2.7,1.3
"136","222",222,"10/16/2016",5,"LD","Morus","alba","white mulberry","1.81","no leaves/dead",177,-93.66453625,42.03483194,273.626,444994.583,4653857.179,2.7,1.3
"137","223",223,"10/16/2016",5,"LD","Morus","alba","white mulberry","0.76","no leaves/dead",178,-93.66453343,42.03483169,273.323,444994.816,4653857.15,2.7,1.3
"138","224",224,"10/16/2016",5,"LD","Morus","alba","white mulberry","1.34","no leaves/dead, on strip",179,-93.66453023,42.03482964,273.749,444995.079,4653856.92,3.9,1.7
"139","225",225,"10/16/2016",5,"LD","Platanus","occidentalis","sycamore","2.62","on strip",180,-93.66451669,42.03484304,273.548,444996.211,4653858.399,141.3,99.9
"140","226",226,"10/16/2016",5,"LD","Acer","saccharinum","silver maple","2.03",NA,181,-93.66451761,42.03485008,273.254,444996.141,4653859.181,4.5,1.7
"141","227",227,"10/16/2016",5,"LD","Pyrus","calleryana","callery pear","1.29",NA,182,-93.66451007,42.03485699,273.73,444996.771,4653859.943,4.6,1.6
"142","228",228,"10/16/2016",5,"LD","Acer","saccharinum","silver maple","0.75",NA,183,-93.6645189,42.03486008,273.877,444996.043,4653860.293,2.7,1.4
"143","229",229,"10/16/2016",5,"LD","Pyrus","calleryana","callery pear","0.99",NA,184,-93.66455393,42.03482473,273.193,444993.113,4653856.39,4.7,1.6
"144","23",23,"10/8/2016",4,"LD","Acer","saccharinum","silver maple","0.5",NA,218,-93.66513454,42.03473983,272.537,444944.981,4653847.337,3.4,2.6
"145","230",230,"10/16/2016",5,"LD","Acer","saccharinum","silver maple","1.8",NA,185,-93.66453839,42.03478168,274.006,444994.362,4653851.601,2.6,1.4
"146","231",231,"10/16/2016",5,"LD","Acer","saccharinum","silver maple","0.72",NA,186,-93.66453335,42.03478177,273.854,444994.779,4653851.607,2.6,1.4
"147","232",232,"10/16/2016",5,"LD","Cornus","drummondii","roughleaf dogwood","1.5","droopier leaves, fuzzy stem, op. stringy ",187,-93.66452227,42.03479828,274.066,444995.71,4653853.433,2.6,1.4
"148","233",233,"10/16/2016",5,"LD","Pyrus","calleryana","callery pear","0.96","leaves up a little, red midvein, stringy",188,-93.66452086,42.03478359,273.733,444995.815,4653851.801,4.8,1.6
"149","234",234,"10/16/2016",5,"LD","Acer","saccharinum","silver maple","0.8",NA,189,-93.66451407,42.03477303,273.792,444996.368,4653850.624,2.5,1.4
"150","235",235,"10/16/2016",5,"LD","unknown","unknown","unknown","0.7",NA,190,-93.66452074,42.03476556,273.401,444995.81,4653849.799,4.7,1.6
"151","236",236,"10/16/2016",5,"LD","Acer","saccharinum","silver maple ","0.8",NA,191,-93.66453994,42.03474073,274.251,444994.199,4653847.054,2.5,1.4
"152","237",237,"10/16/2016",5,"LD","Acer","saccharinum","silver maple ","1.43",NA,192,-93.66453436,42.03472621,273.823,444994.648,4653845.439,4.6,1.6
"153","238",238,"10/16/2016",5,"LD","Acer","saccharinum","silver maple ","0.75","stems very red",254,-93.66453302,42.03472733,274.617,444994.76,4653845.562,4.1,1.7
"154","239",239,"10/16/2016",5,"LD","Acer","saccharinum","silver maple ","0.67",NA,255,-93.6645341,42.03471341,274.026,444994.659,4653844.017,35.8,13.6
"155","24",24,"10/8/2016",4,"LD","Fraxinus","pennsylvanica","green ash","0.7","strip - right outside",219,-93.66512713,42.03468139,272.673,444945.543,4653840.844,3.4,2.6
"156","240",240,"10/16/2016",5,"LD","Acer","saccharinum","silver maple ","1.34",NA,256,-93.66451149,42.03471883,273.774,444996.535,4653844.605,4,1.7
"157","241",241,"10/16/2016",5,"LD","Acer","saccharinum","silver maple ","1.3",NA,257,-93.66454437,42.03469485,274.141,444993.792,4653841.963,4,1.7
"158","242",242,"10/16/2016",5,"LD","Acer","saccharinum","silver maple ","1.59",NA,258,-93.66453499,42.03467523,273.989,444994.552,4653839.779,4.6,1.9
"159","243",243,"10/16/2016",5,"LD","Acer","saccharinum","silver maple ","0.87",NA,259,-93.6645309,42.03466011,274.015,444994.877,4653838.098,4.6,1.9
"160","244",244,"10/16/2016",5,"LD","Pyrus","calleryana","callery pear","1.01",NA,260,-93.66452203,42.03465931,273.654,444995.611,4653838.003,4.5,1.9
"161","245",245,"10/16/2016",5,"LD","Acer","saccharinum","silver maple","1.01","same as 233",261,-93.6645075,42.03466296,273.57,444996.817,4653838.398,4.5,1.9
"162","246",246,"10/16/2016",5,"LD","Acer","saccharinum","silver maple","0.55",NA,262,-93.6645087,42.03466823,273.785,444996.722,4653838.985,6.7,3.1
"163","247",247,"10/16/2016",5,"LD","Acer","saccharinum","silver maple","0.88",NA,263,-93.66450239,42.0346262,274.136,444997.208,4653834.315,4.8,2.5
"164","248",248,"10/16/2016",5,"LD","Acer","saccharinum","silver maple","0.83",NA,264,-93.66449677,42.03463684,273.753,444997.682,4653835.492,4.5,2
"165","249",249,"10/16/2016",5,"LD","Acer","saccharinum","silver maple","0.52",NA,265,-93.6644869,42.03464154,273.713,444998.503,4653836.008,4.5,2
"166","25",25,"10/8/2016",4,"LD","Cornus","drummondii","roughleaf dogwood","0.69","edge - same as 8",220,-93.66508937,42.03462269,273.022,444948.619,4653834.302,7.6,4.3
"167","250",250,"10/16/2016",5,"LD","Acer","saccharinum","silver maple","0.78",NA,266,-93.66447438,42.03463197,273.711,444999.531,4653834.936,25.3,9
"168","251",251,"10/16/2016",5,"LD","Acer","saccharinum","silver maple","1.03",NA,267,-93.6644634,42.03462691,274.262,445000.435,4653834.368,5.1,2.1
"169","252",252,"10/16/2016",5,"LD","Acer","saccharinum","silver maple","1.82","edge",268,-93.66441496,42.03461611,274.104,445004.436,4653833.137,4.8,2.6
"170","253",253,"10/16/2016",5,"LD","Acer","saccharinum","silver maple","0.51","on strip",269,-93.66445611,42.03463248,272.935,445001.044,4653834.982,4.6,2.4
"171","254",254,"10/16/2016",5,"LD","Acer","saccharinum","silver maple","0.52","on strip ",270,-93.66445852,42.03463827,273.546,445000.849,4653835.626,14,5.2
"172","255",255,"10/16/2016",5,"LD","Acer","saccharinum","silver maple","1.19",NA,271,-93.66446792,42.0346444,273.882,445000.077,4653836.313,4.5,2.2
"173","256",256,"10/16/2016",5,"LD","Acer","saccharinum","silver maple","0.52",NA,272,-93.6644815,42.03464422,273.817,444998.953,4653836.301,4.9,2.5
"174","257",257,"10/16/2016",5,"LD","Acer","saccharinum","silver maple","0.66",NA,273,-93.66448306,42.03465282,273.805,444998.831,4653837.257,4.5,2.3
"175","258",258,"10/16/2016",5,"LD","Acer","saccharinum","silver maple","0.93","on strip",274,-93.66449036,42.03467192,273.278,444998.243,4653839.382,4.3,2
"176","259",259,"10/16/2016",5,"LD","Acer","saccharinum","silver maple","1.42","on strip",275,-93.66449599,42.03466938,273.924,444997.775,4653839.104,4.5,2.4
"177","26",26,"10/8/2016",4,"LD","Fraxinus","pennsylvanica","green ash","0.51","edge - same as 8",221,-93.66502585,42.03464014,272.98,444953.892,4653836.199,3,1.6
"178","260",260,"10/16/2016",5,"LD","Acer","saccharinum","silver maple","1.4","on strip",276,-93.66446472,42.03467045,273.855,445000.364,4653839.203,4.6,2.4
"179","261",261,"10/16/2016",5,"LD","Pyrus","calleryana","callery pear","0.73","same as 233",277,-93.66444675,42.03468521,273.841,445001.864,4653840.831,5,2.9
"180","262",262,"10/16/2016",5,"LD","Acer","saccharinum","silver maple","0.62","edge",278,-93.66441755,42.03468163,273.778,445004.278,4653840.414,5.7,2.5
"181","263",263,"10/16/2016",5,"LD","Acer","saccharinum","silver maple","0.8",NA,279,-93.66447622,42.03468013,273.962,444999.42,4653840.285,4.8,2.8
"182","264",264,"10/16/2016",5,"LD","Acer","saccharinum","silver maple","1.11","on strip",280,-93.66448018,42.03467971,274.039,444999.092,4653840.241,2.7,1.7
"183","265",265,"10/16/2016",5,"LD","Platanus","occidentalis","sycamore","1.4",NA,281,-93.66448839,42.03468564,273.959,444998.418,4653840.905,2.7,1.7
"184","266",266,"10/16/2016",5,"LD","Acer","saccharinum","silver maple","0.86",NA,282,-93.66448058,42.03470816,273.968,444999.084,4653843.4,4.6,2.7
"185","267",267,"10/16/2016",5,"LD","Cornus","drummondii","roughleaf dogwood","1.37","same as 232",283,-93.6644439,42.03469532,273.947,445002.109,4653841.951,6.7,2.8
"186","268",268,"10/16/2016",5,"LD","Acer","negundo","boxelder","0.72",NA,284,-93.66444043,42.03470426,273.934,445002.404,4653842.942,4.5,2.6
"187","269",269,"10/16/2016",5,"LD","unknown","unknown","unknown","0.66","like Bc, buds small, black",285,-93.66442094,42.0347147,274.164,445004.026,4653844.088,4.5,2.6
"188","27",27,"10/8/2016",4,"HD","Pyrus","calleryana","callery pear","0.58","or prunus, but no glands. Picture - 11.30 ",222,-93.66501066,42.03476293,272.933,444955.255,4653849.822,3,1.5
"189","270",270,"10/16/2016",5,"LD","Platanus","occidentalis","sycamore","1.14",NA,286,-93.6644127,42.0347233,274.217,445004.715,4653845.038,4.4,2.2
"190","271",271,"10/16/2016",5,"LD","Ulmus","pumila","siberian elm","0.77",NA,287,-93.6644386,42.03472038,273.726,445002.569,4653844.73,4.4,2.6
"191","272",272,"10/16/2016",5,"LD","Acer","saccharinum","silver maple","0.7",NA,288,-93.66449151,42.03471964,273.609,444998.189,4653844.682,2.5,1.5
"192","273",273,"10/16/2016",5,"LD","Acer","saccharinum","silver maple","0.71","mul?",289,-93.66446057,42.03474688,273.975,445000.774,4653847.686,2.6,1.6
"193","274",274,"10/16/2016",5,"LD","Acer","saccharinum","silver maple","1.18",NA,290,-93.6644166,42.03477599,273.479,445004.438,4653850.89,2.4,1.5
"194","275",275,"10/16/2016",5,"LD","Cornus","drummondii","roughleaf dogwood","0.77","herb.",291,-93.66450787,42.03478777,273.66,444996.893,4653852.257,4.1,2.4
"195","276",276,"10/16/2016",5,"LD","Cornus","drummondii","roughleaf dogwood","0.92","herb.",292,-93.66450524,42.03478793,273.586,444997.112,4653852.272,2.2,1.2
"196","277",277,"10/16/2016",5,"LD","Cornus","drummondii","roughleaf dogwood","1.45","herb.",293,-93.66449998,42.0347891,273.853,444997.547,4653852.399,2.6,1.6
"197","278",278,"10/16/2016",5,"LD","Cornus","drummondii","roughleaf dogwood","0.83",NA,294,-93.66450817,42.03478217,274.018,444996.864,4653851.635,22.2,16.4
"198","279",279,"10/16/2016",5,"LD","Cornus","drummondii","roughleaf dogwood","1.25",NA,295,-93.66450407,42.03480081,274.841,444997.219,4653853.702,2.7,1.6
"199","28",28,"10/8/2016",4,"HD","Prunus","serotina","black cherry","0.56",NA,223,-93.66505774,42.03480681,273.384,444951.396,4653854.724,3.6,1.5
"200","280",280,"10/16/2016",5,"LD","Cornus","drummondii","roughleaf dogwood","0.6",NA,296,-93.66448814,42.03479195,273.516,444998.53,4653852.709,4,2
"201","281",281,"10/16/2016",5,"LD","Cornus","drummondii","roughleaf dogwood","0.65",NA,297,-93.6644931,42.0347927,273.526,444998.121,4653852.794,2.2,1.2
"202","282",282,"10/16/2016",5,"LD","Morus","alba","white mulberry","0.68","same as 222-224, rough leaves lobed/non lobed",299,-93.66441571,42.03481033,273.405,445004.542,4653854.702,2.5,1.5
"203","283",283,"10/16/2016",5,"LD","Prunus","serotina","black cherry","0.53","no orange hairs",298,-93.66449022,42.03482623,274.033,444998.388,4653856.515,5.4,3.4
"204","284",284,"10/16/2016",5,"LD","Morus","alba","white mulberry","0.92","no leaves",300,-93.66451665,42.03480826,274.695,444996.185,4653854.538,3.5,2.2
"205","285",285,"10/16/2016",5,"LD","Morus","alba","white mulberry","2.5",NA,301,-93.66451166,42.03481347,274.554,444996.602,4653855.112,2.5,1.6
"206","286",286,"10/16/2016",5,"LD","Morus","alba","white mulberry","0.97","near strip",302,-93.6645208,42.03481653,274.624,444995.848,4653855.458,2.8,1.7
"207","287",287,"10/16/2016",5,"LD","Platanus","occidentalis","sycamore","1.06","strip",303,-93.66449532,42.0348593,273.786,444997.994,4653860.191,2.3,1.3
"208","288",288,"10/16/2016",5,"LD","Acer","saccharinum","silver maple","0.56","strip",304,-93.66448049,42.03486793,273.512,444999.229,4653861.14,2.4,1.6
"209","289",289,"10/16/2016",5,"LD","Cornus","drummondii","roughleaf dogwood","0.833",NA,305,-93.66443159,42.03487679,273.257,445003.285,4653862.092,2.3,1.2
"210","29",29,"10/8/2016",4,"HD","Acer","negundo","boxelder","0.59",NA,224,-93.66500528,42.03479245,273.104,444955.725,4653853.096,3.2,1.6
"211","290",290,"10/16/2016",5,"LD","Acer","saccharinum","silver maple","0.62",NA,306,-93.6644969,42.03489225,273.125,444997.891,4653863.85,2.7,1.5
"212","291",291,"10/16/2016",5,"LD","Acer","saccharinum","silver maple","0.74",NA,307,-93.66449651,42.03489043,273.127,444997.923,4653863.648,2.5,1.4
"213","292",292,"10/19/2016",6,"LD","Acer","saccharinum","silver maple","0.5",NA,440,-93.66437596,42.03484708,273.24,445007.864,4653858.758,9.6,4.6
"214","293",293,"10/19/2016",6,"LD","Cornus","drummondii","roughleaf dogwood","0.5",NA,441,-93.66433202,42.03470353,273.983,445011.376,4653842.791,2.1,1.1
"215","294",294,"10/19/2016",6,"LD","Acer","saccharinum","silver maple","0.62",NA,442,-93.66437604,42.03471491,274.119,445007.743,4653844.083,2.5,1.3
"216","295",295,"10/19/2016",6,"LD","Acer","saccharinum","silver maple","0.51",NA,443,-93.66437769,42.0347126,274.051,445007.605,4653843.827,8.8,4.1
"217","296",296,"10/19/2016",6,"LD","Pyrus","calleryana","callery pear","0.53",NA,444,-93.6643587,42.03465969,273.494,445009.131,4653837.941,4.2,2.2
"218","297",297,"10/19/2016",6,"LD","Ulmus","pumila","siberian elm","0.62","tree??? Rough leaves",445,-93.66434517,42.03465663,273.518,445010.248,4653837.592,3.7,1.9
"219","298",298,"10/19/2016",6,"LD","Acer","saccharinum","silver maple","0.87",NA,446,-93.66435619,42.03464059,273.61,445009.322,4653835.818,3.9,2.1
"220","299",299,"10/19/2016",6,"LD","Cornus","drummondii","roughleaf dogwood","1.54",NA,447,-93.66435297,42.03463947,273.868,445009.587,4653835.692,2.3,1.4
"221","3",3,"10/8/2016",4,"LD","Acer","saccharinum","silver maple","0.84","some herb. Deer",198,-93.66523062,42.03489838,271.117,444937.165,4653865.003,3.1,1.6
"222","30",30,"10/8/2016",4,"HD","Prunus","serotina","black cherry","0.81","pin cherry? No hair",225,-93.6649955,42.03482011,272.235,444956.559,4653856.161,3.3,1.5
"223","300",300,"10/19/2016",6,"LD","Pyrus","calleryana","callery pear","1.72",NA,448,-93.66428691,42.03461582,273.695,445015.035,4653833.023,2.1,1.1
"224","301",301,"10/19/2016",6,"LD","Ulmus","pumila","siberian elm","0.82",NA,449,-93.66429778,42.0346287,273.355,445014.146,4653834.461,2.5,1.3
"225","302",302,"10/19/2016",6,"LD","Acer","saccharinum","silver maple","0.76","on strip",450,-93.66429815,42.03463176,273.444,445014.119,4653834.801,2.4,1.2
"226","303",303,"10/19/2016",6,"LD","Acer","saccharinum","silver maple","0.65",NA,451,-93.66431717,42.0346392,273.446,445012.551,4653835.638,2.4,1.2
"227","304",304,"10/19/2016",6,"LD","Acer","saccharinum","silver maple","0.68","on strip",452,-93.66428656,42.03464303,273.336,445015.087,4653836.044,2.1,1.2
"228","305",305,"10/19/2016",6,"LD","Acer","saccharinum","silver maple","0.74",NA,453,-93.66433008,42.03466919,273.503,445011.508,4653838.976,3.3,1.5
"229","306",306,"10/19/2016",6,"LD","Acer","saccharinum","silver maple","0.98","on strip ",454,-93.66428076,42.03466764,273.414,445015.589,4653838.773,2.5,1.3
"230","307",307,"10/19/2016",6,"LD","Acer","saccharinum","silver maple","0.69",NA,455,-93.66427846,42.03467294,273.416,445015.784,4653839.359,2.1,1.3
"231","308",308,"10/19/2016",6,"LD","Cornus","drummondii","roughleaf dogwood","0.9",NA,456,-93.66429418,42.03469405,273.483,445014.5,4653841.713,2.3,1.2
"232","309",309,"10/19/2016",6,"LD","Acer","saccharinum","silver maple","0.56",NA,457,-93.66428649,42.03470042,273.474,445015.143,4653842.416,2,1.2
"233","31",31,"10/8/2016",4,"HD","Crataegus","unknown","hawthorn","0.83","some lobed, some unlobed",226,-93.66498575,42.03483557,272.91,444957.38,4653857.871,2.9,1.4
"234","310",310,"10/19/2016",6,"LD","Acer","saccharinum","silver maple","0.67",NA,458,-93.66429425,42.03473817,273.508,445014.533,4653846.612,2.4,1.3
"235","311",311,"10/19/2016",6,"LD","Acer","saccharinum","silver maple","0.62",NA,459,-93.66428419,42.03473175,273.515,445015.36,4653845.893,2,1.2
"236","312",312,"10/19/2016",6,"LD","Platanus","occidentalis","sycamore","0.61",NA,460,-93.66428516,42.03474298,273.527,445015.289,4653847.14,2.9,2.1
"237","313",313,"10/19/2016",6,"LD","Acer","saccharinum","silver maple","0.51",NA,461,-93.66428427,42.03475404,273.558,445015.373,4653848.368,2.3,1.2
"238","314",314,"10/19/2016",6,"LD","Acer","saccharinum","silver maple","0.71",NA,462,-93.66429411,42.03475321,273.552,445014.558,4653848.282,3.3,1.5
"239","315",315,"10/19/2016",6,"LD","Cornus","drummondii","roughleaf dogwood","0.71",NA,463,-93.66433513,42.03481862,273.583,445011.218,4653855.571,4.9,2.6
"240","316",316,"10/19/2016",6,"LD","Acer","saccharinum","silver maple","1.42","on strip",464,-93.6643044,42.03487631,273.424,445013.812,4653861.956,1.9,1.2
"241","317",317,"10/19/2016",6,"LD","Acer","saccharinum","silver maple","0.72",NA,465,-93.66429882,42.03487679,273.33,445014.274,4653862.007,1.8,1.1
"242","318",318,"10/19/2016",6,"LD","Acer","saccharinum","silver maple","0.77",NA,466,-93.66427657,42.03482767,273.545,445016.073,4653856.538,1.9,1.1
"243","319",319,"10/19/2016",6,"LD","Acer","saccharinum","silver maple","0.7",NA,467,-93.66426605,42.03480584,273.553,445016.925,4653854.107,2.5,1.4
"244","32",32,"10/8/2016",4,"HD","Prunus","serotina","black cherry","0.91",NA,227,-93.66501147,42.03481924,272.369,444955.236,4653856.075,3.4,1.5
"245","320",320,"10/19/2016",6,"LD/HD","Cornus","drummondii","roughleaf dogwood","1.26",NA,468,-93.66427135,42.03478282,273.632,445016.467,4653851.555,2.5,1.4
"246","321",321,"10/19/2016",6,"LD/HD","Cornus","drummondii","roughleaf dogwood","0.7",NA,469,-93.6642723,42.03478704,273.464,445016.392,4653852.024,3.5,3
"247","322",322,"10/19/2016",6,"LD/HD","Vitus","riparia","grape vine","-",NA,470,-93.6642705,42.03477174,273.508,445016.527,4653850.325,3.5,1.9
"248","323",323,"10/19/2016",6,"LD","Acer","saccharinum","silver maple","0.98",NA,471,-93.66427248,42.03474786,273.514,445016.343,4653847.674,2.8,1.5
"249","324",324,"10/19/2016",6,"HD","Acer","saccharinum","silver maple","0.76",NA,472,-93.66425921,42.03468865,273.398,445017.39,4653841.091,2.8,2.1
"250","325",325,"10/19/2016",6,"HD","Acer","saccharinum","silver maple","0.58",NA,473,-93.66425363,42.03469344,273.38,445017.857,4653841.62,3.3,2.3
"251","326",326,"10/19/2016",6,"LD","Acer","saccharinum","silver maple","0.65","on strip",474,-93.66426496,42.03465621,273.303,445016.887,4653837.493,4.7,2.4
"252","327",327,"10/19/2016",6,"LD","Acer","saccharinum","silver maple","1.33",NA,475,-93.66427993,42.03464289,273.368,445015.636,4653836.024,4.7,2.4
"253","328",328,"10/19/2016",6,"LD","Acer","saccharinum","silver maple","2.33","on strip",476,-93.66427365,42.03463821,273.386,445016.152,4653835.501,4.6,2.4
"254","329",329,"10/19/2016",6,"LD","Acer","saccharinum","silver maple","0.87",NA,477,-93.66425601,42.03461963,273.209,445017.596,4653833.426,2.7,1.5
"255","33",33,"10/8/2016",4,"HD","Prunus","serotina","black cherry","0.73",NA,228,-93.66502582,42.03489732,272.182,444954.116,4653864.753,3.3,1.5
"256","330",330,"10/19/2016",6,"LD","Cornus","drummondii","roughleaf dogwood","1.11",NA,478,-93.66425112,42.03462529,273.212,445018.005,4653834.052,2.7,1.5
"257","331",331,"10/19/2016",6,"LD","Pyrus","calleryana","callery pear","2.23",NA,479,-93.66422247,42.03462218,273.252,445020.375,4653833.688,2.7,1.5
"258","332",332,"10/19/2016",6,"LD","Pyrus","calleryana","callery pear","0.9",NA,480,-93.6642407,42.03466369,273.214,445018.901,4653838.309,4.5,2.3
"259","333",333,"10/19/2016",6,"LD","Ulmus","pumila","siberian elm","0.61","tree?? Same as 297",481,-93.66423194,42.03467914,273.218,445019.639,4653840.018,2.4,1.9
"260","334",334,"10/19/2016",6,"LD/HD","Cornus","drummondii","roughleaf dogwood","0.94",NA,482,-93.6642407,42.03468898,273.256,445018.923,4653841.117,2.8,1.5
"261","335",335,"10/19/2016",6,"HD","Platanus","occidentalis","sycamore","0.52",NA,483,-93.66424959,42.0347277,273.733,445018.22,4653845.421,2.8,1.4
"262","336",336,"10/19/2016",6,"LD/HD","Fraxinus","pennsylvanica","green ash","0.98",NA,484,-93.66426095,42.03474051,273.495,445017.291,4653846.851,2.8,1.4
"263","337",337,"10/19/2016",6,"HD","Acer","saccharinum","silver maple","0.52",NA,485,-93.66424319,42.03476326,273.451,445018.781,4653849.365,3.5,1.7
"264","338",338,"10/19/2016",6,"HD","Cornus","drummondii","roughleaf dogwood","0.72",NA,486,-93.6642321,42.03480995,273.207,445019.739,4653854.542,2.8,1.4
"265","34",34,"10/8/2016",4,"HD","Acer","saccharinum","silver maple","0.51",NA,229,-93.66502077,42.03490325,271.824,444954.539,4653865.409,3.3,1.5
"266","340",340,"10/19/2016",6,"HD","Cornus","drummondii","roughleaf dogwood","1.22",NA,488,-93.66423519,42.03481514,273.183,445019.488,4653855.121,5.7,2.1
"267","341",341,"10/19/2016",6,"HD","Cornus","drummondii","roughleaf dogwood","0.75",NA,489,-93.66423492,42.03481768,272.883,445019.512,4653855.402,5.6,2.1
"268","342",342,"10/19/2016",6,"HD","Cornus","drummondii","roughleaf dogwood","0.69",NA,490,-93.66423604,42.0348203,273.455,445019.422,4653855.694,5.6,2.1
"269","343",343,"10/19/2016",6,"HD","Cornus","drummondii","roughleaf dogwood","0.52",NA,491,-93.66423582,42.03481909,273.396,445019.439,4653855.559,5.5,2.1
"270","344",344,"10/19/2016",6,"LD","Cornus","drummondii","roughleaf dogwood","0.8",NA,492,-93.66425997,42.03488078,273.27,445017.493,4653862.424,3.4,2.6
"271","345",345,"10/19/2016",6,"LD","Cornus","drummondii","roughleaf dogwood","0.52",NA,493,-93.66421312,42.03486383,273.249,445021.357,4653860.512,6.1,3.4
"272","346",346,"10/19/2016",6,"LD","unknown","unknown","unknown","0.7","simple, alt., lobed and not, buds small brown, stem grey-red ",494,-93.66422499,42.03483756,273.266,445020.352,4653857.603,5.3,2.2
"273","347",347,"10/19/2016",6,"LD","Cornus","drummondii","roughleaf dogwood","0.75",NA,495,-93.66420155,42.03483822,273.165,445022.292,4653857.661,5.9,2.8
"274","348",348,"10/19/2016",6,"HD","Cornus","drummondii","roughleaf dogwood","1.04",NA,496,-93.66420837,42.03476751,273.304,445021.667,4653849.814,5.9,2.8
"275","349",349,"10/19/2016",6,"HD","Cornus","drummondii","roughleaf dogwood","1.28",NA,497,-93.66419207,42.03475743,273.304,445023.007,4653848.685,5.1,2.2
"276","35",35,"10/8/2016",4,"HD","Prunus","serotina","black cherry","0.715",NA,230,-93.66500817,42.03490174,272.62,444955.58,4653865.233,3.3,1.5
"277","350",350,"10/19/2016",6,"HD","Acer","saccharinum","silver maple","0.87",NA,498,-93.66418563,42.03475487,273.207,445023.538,4653848.397,5.1,2.2
"278","351",351,"10/19/2016",6,"HD","Prunus","serotina","black cherry","1.05",NA,499,-93.66419948,42.03474846,273.253,445022.386,4653847.694,2.5,1.4
"279","352",352,"10/19/2016",6,"HD","Acer","saccharinum","silver maple","0.74",NA,500,-93.66420797,42.03474521,273.245,445021.681,4653847.339,3.4,2.7
"280","353",353,"10/19/2016",6,"HD","Acer","saccharinum","silver maple","0.55",NA,501,-93.66419836,42.03473861,273.263,445022.47,4653846.599,5.6,2.9
"281","354",354,"10/19/2016",6,"LD/HD","Acer","saccharinum","silver maple","0.73",NA,502,-93.66420476,42.0347019,273.271,445021.909,4653842.528,4.9,2.2
"282","355",355,"10/19/2016",6,"LD/HD","Cornus","drummondii","roughleaf dogwood","1.13",NA,503,-93.66423252,42.03469316,273.345,445019.603,4653841.575,8,3.7
"283","356",356,"10/19/2016",6,"LD/HD","Acer","saccharinum","silver maple","1.35",NA,504,-93.66419082,42.03468026,273.252,445023.044,4653840.116,4.8,2.2
"284","357",357,"10/19/2016",6,"LD","Acer","saccharinum","silver maple","0.64",NA,505,-93.66419263,42.03465628,273.196,445022.874,4653837.454,4.7,2.2
"285","358",358,"10/19/2016",6,"LD","Cornus","drummondii","roughleaf dogwood","0.89",NA,506,-93.66419937,42.03463553,273.212,445022.298,4653835.155,4.7,2.2
"286","359",359,"10/19/2016",6,"LD","Cornus","drummondii","roughleaf dogwood","1.06",NA,507,-93.66420286,42.03463525,273.249,445022.009,4653835.126,3.3,1.6
"287","36",36,"10/8/2016",4,"HD","Prunus","serotina","black cherry","0.54",NA,231,-93.66500793,42.03488766,272.358,444955.588,4653863.669,3.3,1.8
"288","360",360,"10/19/2016",6,"LD","Pyrus","calleryana","callery pear","1",NA,508,-93.66421593,42.03463402,273.204,445020.926,4653834.998,3.3,1.6
"289","361",361,"10/19/2016",6,"LD","Acer","saccharinum","silver maple","0.64",NA,509,-93.66416519,42.03461689,274.395,445025.111,4653833.064,3.3,1.6
"290","362",362,"10/19/2016",6,"LD","Acer","saccharinum","silver maple","0.65",NA,510,-93.6641669,42.03463778,273.281,445024.988,4653835.384,4.4,3
"291","363",363,"10/19/2016",6,"LD","Acer","saccharinum","silver maple","1.44",NA,511,-93.66415009,42.03468085,274.17,445026.416,4653840.155,3.2,1.6
"292","364",364,"10/19/2016",6,"LD/HD","Acer","saccharinum","silver maple","0.57",NA,512,-93.66416789,42.0346778,273.968,445024.94,4653839.828,3.2,1.6
"293","365",365,"10/19/2016",6,"HD","Acer","saccharinum","silver maple","0.51",NA,513,-93.66415941,42.03470748,273.629,445025.668,4653843.118,3.2,1.6
"294","366",366,"10/19/2016",6,"HD","Pyrus","calleryana","callery pear","0.84",NA,514,-93.66417113,42.03476711,272.696,445024.749,4653849.746,3.9,2.8
"295","367",367,"10/19/2016",6,"HD","Acer","saccharinum","silver maple","0.84",NA,515,-93.66415326,42.03476804,272.667,445026.229,4653849.839,3.9,2.8
"296","368",368,"10/19/2016",6,"HD","Acer","saccharinum","silver maple","0.73",NA,516,-93.66419292,42.03479681,273.041,445022.97,4653853.058,3.1,1.6
"297","369",369,"10/19/2016",6,"HD","Cornus","drummondii","roughleaf dogwood","1.26",NA,517,-93.66417962,42.03478762,273.057,445024.064,4653852.029,3.1,1.6
"298","37",37,"10/8/2016",4,"LD","Acer","saccharinum","silver maple","0.505",NA,232,-93.66498725,42.0349037,272.557,444957.314,4653865.437,5.2,4.1
"299","370",370,"10/19/2016",6,"HD","Pyrus","calleryana","callery pear","1.07",NA,518,-93.66417559,42.03479334,273.053,445024.403,4653852.661,3.9,2.7
"300","371",371,"10/19/2016",6,"HD","Platanus","occidentalis","sycamore","0.5",NA,519,-93.66418526,42.03479761,273.277,445023.606,4653853.142,3,1.6
"301","372",372,"10/19/2016",6,"HD","Acer","saccharinum","silver maple","0.6",NA,520,-93.66418779,42.03479825,273.506,445023.397,4653853.214,3,1.6
"302","373",373,"10/19/2016",6,"LD","Acer","saccharinum","silver maple","0.81","next to cover plot",521,-93.66418814,42.03480914,273.781,445023.377,4653854.424,3,1.6
"303","374",374,"10/19/2016",6,"LD","Pyrus","calleryana","callery pear","0.97",NA,522,-93.66416125,42.0348221,273.681,445025.614,4653855.846,3.7,2
"304","375",375,"10/19/2016",6,"LD","Fraxinus","pennsylvanica","green ash","1.18",NA,523,-93.66416447,42.03483141,273.819,445025.355,4653856.881,3.8,2.6
"305","376",376,"10/19/2016",6,"LD",NA,NA,NA,NA,"not tall enough ",524,-93.66419566,42.03486593,273.026,445022.803,4653860.735,12.9,6.7
"306","377",377,"10/19/2016",6,"LD","Cornus","drummondii","roughleaf dogwood","0.83",NA,525,-93.66416439,42.03488168,273.459,445025.405,4653862.463,4.8,2.9
"307","378",378,"10/19/2016",6,"LD","Pyrus","calleryana","callery pear","0.65",NA,526,-93.66414836,42.03486232,273.722,445026.716,4653860.303,13.8,7.2
"308","379",379,"10/19/2016",6,"LD","Cornus","drummondii","roughleaf dogwood","1.26",NA,527,-93.66413283,42.0348289,273.573,445027.973,4653856.582,2.8,1.5
"309","38",38,"10/8/2016",4,"LD","Acer","negundo","boxelder","0.715",NA,233,-93.66492792,42.03488616,272.743,444962.209,4653863.451,3,1.5
"310","380",380,"10/19/2016",6,"LD","Acer","saccharinum","silver maple","0.97",NA,528,-93.66410286,42.0348118,274.021,445030.439,4653854.665,3.4,2
"311","381",381,"10/19/2016",6,"HD","Acer","saccharinum","silver maple","0.93",NA,529,-93.66414707,42.03480327,273.513,445026.772,4653853.746,15.4,8.2
"312","382",382,"10/19/2016",6,"HD","Cornus","drummondii","roughleaf dogwood","1.18",NA,530,-93.66414333,42.03477431,273.423,445027.056,4653850.528,2.8,1.5
"313","383",383,"10/19/2016",6,"LD","Pyrus","calleryana","callery pear","0.85",NA,531,-93.66409166,42.03478292,273.211,445031.34,4653851.451,2.7,1.5
"314","384",384,"10/19/2016",6,"LD/HD","Vitus","riparia","grape vine","-",NA,532,-93.66410811,42.03476933,273.169,445029.967,4653849.953,3.3,2
"315","385",385,"10/19/2016",6,"LD/HD","Acer","negundo","boxelder","1.28",NA,533,-93.66411708,42.03476143,273.079,445029.218,4653849.081,2.7,1.5
"316","386",386,"10/19/2016",6,"LD/HD","Cornus","drummondii","roughleaf dogwood","1.27",NA,534,-93.66409633,42.03474991,273.199,445030.925,4653847.788,2.7,1.5
"317","387",387,"10/19/2016",6,"LD/HD","Acer","saccharinum","silver maple","0.68",NA,535,-93.66411334,42.03474671,273.138,445029.515,4653847.444,3.6,2.3
"318","388",388,"10/19/2016",6,"LD","Acer","saccharinum","silver maple","0.58",NA,536,-93.66407302,42.03476093,272.899,445032.864,4653848.998,6.5,3.4
"319","389",389,"10/19/2016",6,"LD","Acer","saccharinum","silver maple","0.75",NA,537,-93.66407938,42.03474986,273.076,445032.328,4653847.773,22.4,12.6
"320","39",39,"10/8/2016",4,"LD","Acer","saccharinum","silver maple","0.505",NA,234,-93.66494339,42.03488343,272.625,444960.927,4653863.158,21.3,6.9
"321","390",390,"10/19/2016",6,"LD","Acer","saccharinum","silver maple","0.9",NA,538,-93.66408441,42.0347388,273.648,445031.902,4653846.547,6.6,3.4
"322","391",391,"10/19/2016",6,"HD","Vitus","riparia","grape vine","-",NA,539,-93.66414768,42.03473175,272.904,445026.659,4653845.805,3.5,2.2
"323","392",392,"10/19/2016",6,"LD/HD","Vitus","riparia","grape vine","-",NA,540,-93.66413502,42.03471174,273.588,445027.69,4653843.576,38,23.6
"324","393",393,"10/19/2016",6,"LD","Pyrus","calleryana","callery pear","1.06",NA,541,-93.66413767,42.03469912,273.312,445027.46,4653842.176,3.5,2.2
"325","394",394,"10/19/2016",6,"LD","Cornus","drummondii","roughleaf dogwood","0.67",NA,542,-93.66413691,42.03469792,273.057,445027.521,4653842.043,3.5,2.2
"326","395",395,"10/19/2016",6,"LD","Pyrus","calleryana","callery pear","0.92",NA,543,-93.66409642,42.03471397,273.666,445030.887,4653843.798,6.7,3.5
"327","396",396,"10/19/2016",6,"LD","Acer","saccharinum","silver maple","0.55",NA,544,-93.66407328,42.03472929,273.263,445032.815,4653845.484,3.5,2.1
"328","397",397,"10/19/2016",6,"LD","Acer","saccharinum","silver maple","0.53",NA,545,-93.66408513,42.03470127,272.813,445031.81,4653842.381,3.5,2.1
"329","398",398,"10/19/2016",6,"LD","Acer","saccharinum","silver maple","0.59",NA,546,-93.66410721,42.03466443,273.095,445029.951,4653838.304,101,63.5
"330","399",399,"10/19/2016",6,"LD","Acer","saccharinum","silver maple","0.72",NA,547,-93.66410233,42.03466212,272.608,445030.353,4653838.046,3.5,2.1
"331","399",399,"10/19/2016",6,"LD","Acer","saccharinum","silver maple","0.72",NA,487,-93.66423506,42.0348098,272.856,445019.494,4653854.528,3.5,2.3
"332","4",4,"10/8/2016",4,"LD","Acer","saccharinum","silver maple","0.55",NA,199,-93.66520481,42.03468284,272.097,444939.115,4653841.055,2.1,1.3
"333","40",40,"10/8/2016",4,"LD","Acer","saccharinum","silver maple","0.717","at edge of strip",235,-93.66495516,42.03485735,272.718,444959.93,4653860.269,4.4,2.3
"334","400",400,"10/19/2016",6,"LD","Acer","saccharinum","silver maple","0.57",NA,548,-93.66412637,42.03462606,273.615,445028.332,4653834.057,3.5,2.1
"335","401",401,"10/19/2016",6,"LD","Cercis","canadensis","redbud","0.6","???",549,-93.66412225,42.03462745,273.163,445028.675,4653834.209,3.5,2.1
"336","402",402,"10/19/2016",6,"LD","unknown","unknown","unknown","1.2","same as 346",550,-93.66411886,42.03462404,272.927,445028.952,4653833.828,3.5,2.1
"337","403",403,"10/19/2016",6,"LD","Vitus","riparia","grape vine","-",NA,551,-93.6641105,42.03462319,272.676,445029.643,4653833.728,3.5,2.1
"338","404",404,"10/19/2016",6,"LD","Acer","saccharinum","silver maple","0.61",NA,552,-93.66410585,42.03462085,272.395,445030.026,4653833.465,3.5,2.1
"339","405",405,"10/19/2016",6,"LD","Cornus","drummondii","roughleaf dogwood","0.73",NA,553,-93.66410179,42.03461892,272.343,445030.361,4653833.248,21.2,11.6
"340","406",406,"10/19/2016",6,"LD","Cornus","drummondii","roughleaf dogwood","0.65",NA,554,-93.6640986,42.0346214,272.899,445030.627,4653833.522,2.6,1.3
"341","407",407,"10/19/2016",6,"LD","Cornus","drummondii","roughleaf dogwood","0.58",NA,555,-93.66410097,42.03462032,272.925,445030.43,4653833.403,2.2,1.1
"342","408",408,"10/19/2016",6,"LD","Cornus","drummondii","roughleaf dogwood","0.53",NA,556,-93.6640964,42.03462262,272.955,445030.81,4653833.656,25.8,12.6
"343","409",409,"10/19/2016",6,"LD","Cornus","drummondii","roughleaf dogwood","1.55",NA,557,-93.6640916,42.03462396,273.072,445031.209,4653833.802,2.4,1.2
"344","41",41,"10/8/2016",4,"LD","Acer","saccharinum","silver maple","0.966","at edge of strip",236,-93.66496002,42.03485725,272.818,444959.528,4653860.262,9.6,8.4
"345","410",410,"10/19/2016",6,"LD","Cornus","drummondii","roughleaf dogwood","0.95",NA,558,-93.66408655,42.03462157,272.947,445031.625,4653833.533,2.6,1.5
"346","411",411,"10/19/2016",6,"LD","Acer","saccharinum","silver maple ","0.69",NA,559,-93.6640487,42.0346188,272.872,445034.755,4653833.201,4,1.9
"347","412",412,"10/19/2016",6,"LD","Acer","saccharinum","silver maple ","0.65","on strip",560,-93.66403515,42.03461793,272.759,445035.876,4653833.095,2.6,1.5
"348","413",413,"10/19/2016",6,"LD","Acer","saccharinum","silver maple ","0.68",NA,561,-93.66400515,42.03461633,272.761,445038.358,4653832.899,3.9,1.9
"349","414",414,"10/19/2016",6,"LD","Acer","saccharinum","silver maple ","1.15",NA,562,-93.66399911,42.03461693,272.804,445038.858,4653832.961,2.2,1.1
"350","415",415,"10/19/2016",6,"LD","Acer","saccharinum","silver maple ","0.79",NA,563,-93.66399798,42.03461937,272.702,445038.954,4653833.232,2.2,1.1
"351","416",416,"10/19/2016",6,"LD","Acer","saccharinum","silver maple ","1.27",NA,564,-93.66398256,42.03462093,273.009,445040.231,4653833.395,2.5,1.4
"352","417",417,"10/19/2016",6,"LD","Acer","saccharinum","silver maple ","0.55",NA,565,-93.66400184,42.03462664,272.965,445038.64,4653834.041,2.5,1.3
"353","418",418,"10/19/2016",6,"LD","Fraxinus","pennsylvanica","green ash","0.77",NA,566,-93.66402045,42.03462928,273.045,445037.102,4653834.347,9.7,4.6
"354","42",42,"10/8/2016",4,"HD","Lonicera","unknown","honeysuckle","0.845","honeysuckle vs. cornus?",237,-93.66491833,42.03480518,274.063,444962.933,4653854.454,3.8,1.8
"355","420",420,"10/19/2016",6,"LD","Platanus","occidentalis","sycamore","0.57",NA,568,-93.66402586,42.03463616,272.815,445036.66,4653835.113,9.4,4.4
"356","421",421,"10/19/2016",6,"LD","Acer","saccharinum","silver maple ","0.71",NA,569,-93.66402901,42.03464034,272.862,445036.403,4653835.58,9.3,4.4
"357","422",422,"10/19/2016",6,"LD","Pyrus","calleryana","callery pear","0.95",NA,570,-93.66400736,42.03464502,272.885,445038.199,4653836.086,2.4,1.4
"358","423",423,"10/19/2016",6,"LD","Cornus","drummondii","roughleaf dogwood","1.62",NA,571,-93.66404358,42.03465137,272.957,445035.207,4653836.814,2.4,1.2
"359","424",424,"10/19/2016",6,"LD","Cornus","drummondii","roughleaf dogwood","0.57",NA,572,-93.66404206,42.03465709,273.063,445035.338,4653837.448,8.7,4
"360","425",425,"10/19/2016",6,"LD","Acer","saccharinum","silver maple","0.9",NA,573,-93.66403831,42.03466065,273.067,445035.651,4653837.841,2.4,1.2
"361","426",426,"10/19/2016",6,"LD","Acer","saccharinum","silver maple","1.13",NA,574,-93.66406785,42.03466706,272.945,445033.212,4653838.571,2.1,1.1
"362","427",427,"10/19/2016",6,"LD","Acer","saccharinum","silver maple","0.68",NA,575,-93.66405934,42.03467332,273.074,445033.921,4653839.261,3.6,1.9
"363","428",428,"10/19/2016",6,"LD","Cornus","drummondii","roughleaf dogwood","1.18",NA,576,-93.66405583,42.03466931,273.158,445034.208,4653838.813,2.5,1.3
"364","429",429,"10/19/2016",6,"LD","Acer","saccharinum","silver maple","0.82",NA,577,-93.66400911,42.03466325,272.921,445038.07,4653838.111,2.5,1.3
"365","43",43,"10/8/2016",4,"HD","Acer","saccharinum","silver maple","0.824",NA,238,-93.66496401,42.03480183,272.802,444959.149,4653854.111,4.5,1.9
"366","430",430,"10/19/2016",6,"LD","Pyrus","calleryana","callery pear","1.03",NA,578,-93.66407194,42.03470098,272.8,445032.902,4653842.34,2.4,1.2
"367","431",431,"10/19/2016",6,"LD","Pyrus","calleryana","callery pear","1.06",NA,579,-93.66400459,42.03473179,272.627,445038.503,4653845.718,2.5,1.3
"368","432",432,"10/19/2016",6,"LD","Acer","saccharinum","silver maple","0.52",NA,580,-93.66406777,42.03474978,272.263,445033.29,4653847.756,3.3,1.5
"369","433",433,"10/19/2016",6,"LD","Pyrus","calleryana","callery pear","0.85",NA,581,-93.66407506,42.03476473,272.414,445032.699,4653849.421,3.3,1.5
"370","434",434,"10/19/2016",6,"LD","Acer","saccharinum","silver maple","0.53",NA,582,-93.66403662,42.03477881,272.155,445035.893,4653850.959,2.5,1.3
"371","435",435,"10/19/2016",6,"LD","unknown","unknown","unknown","1.1","tree? Opposite, not lobed, entire, rough, light b. buds",583,-93.66400448,42.03476702,272.3,445038.543,4653849.629,5.3,3.4
"372","436",436,"10/19/2016",6,"LD","Acer","saccharinum","silver maple","0.6",NA,584,-93.66398598,42.0347682,272.381,445040.075,4653849.749,3.9,1.9
"373","437",437,"10/19/2016",6,"LD","Acer","saccharinum","silver maple","0.54",NA,585,-93.66400356,42.03478168,272.38,445038.632,4653851.256,2,1.2
"374","438",438,"10/19/2016",6,"LD","Acer","saccharinum","silver maple","0.74",NA,586,-93.66407171,42.0347927,272.653,445033,4653852.524,2.3,1.3
"375","439",439,"10/19/2016",6,"LD","Acer","saccharinum","silver maple","0.6",NA,587,-93.66405634,42.03480861,272.731,445034.286,4653854.281,2.1,1.3
"376","44",44,"10/8/2016",4,"HD","Rubus","unknown","rubus spp","0.847","not 100% positive this is woody",239,-93.66494565,42.03473605,273.738,444960.613,4653846.795,4.3,1.9
"377","440",440,"10/19/2016",6,"LD","Acer","saccharinum","silver maple","0.68",NA,588,-93.66403609,42.03480702,272.635,445035.961,4653854.091,2.1,1.3
"378","441",441,"10/19/2016",6,"LD","unknown","unknown","unknown","0.68","same as 297 service?",589,-93.66403187,42.03480714,272.595,445036.31,4653854.101,3.3,1.8
"379","442",442,"10/19/2016",6,"LD","Cornus","drummondii","roughleaf dogwood","0.88",NA,590,-93.66409664,42.03481124,272.56,445030.952,4653854.598,4.9,2.6
"380","443",443,"10/19/2016",6,"LD","unknown","unknown","unknown","0.62","tree? Dogwood?",591,-93.66408526,42.03482342,272.491,445031.905,4653855.943,2.3,1.6
"381","444",444,"10/19/2016",6,"LD","Acer","saccharinum","silver maple","0.7",NA,592,-93.66405579,42.03481905,272.698,445034.341,4653855.439,1.9,1.1
"382","445",445,"10/19/2016",6,"LD","Acer","saccharinum","silver maple","0.5",NA,593,-93.66398856,42.03481022,272.705,445039.898,4653854.416,1.9,1.1
"383","446",446,"10/19/2016",6,"LD",NA,NA,NA,NA,"not tall",594,-93.66401165,42.03482334,272.127,445037.998,4653855.887,2.8,1.5
"384","447",447,"10/19/2016",6,"LD","Acer","saccharinum","silver maple","0.84",NA,595,-93.66403151,42.03483546,272.162,445036.364,4653857.246,2.1,1.3
"385","448",448,"10/19/2016",6,"LD","Acer","saccharinum","silver maple","0.53",NA,596,-93.66401877,42.03484168,272.164,445037.424,4653857.929,2.3,1.7
"386","449",449,"10/19/2016",6,"LD","Acer","saccharinum","silver maple","1.1",NA,597,-93.66400138,42.03487859,271.939,445038.896,4653862.015,2.9,1.5
"387","45",45,"10/8/2016",4,"LD","Acer","saccharinum","silver maple","0.52","close to edge of strip",240,-93.66497317,42.03467087,273.922,444958.279,4653839.576,4.1,1.7
"388","450",450,"10/19/2016",6,"LD","Acer","saccharinum","silver maple","0.66",NA,598,-93.66404413,42.03488317,271.98,445035.361,4653862.551,2.9,1.5
"389","451",451,"10/19/2016",6,"LD","Pyrus","calleryana","callery pear","1.17","less red leaves?",599,-93.6640773,42.03488563,272.094,445032.618,4653862.846,1.9,1.2
"390","452",452,"10/19/2016",6,"LD","Acer","saccharinum","silver maple","0.75",NA,600,-93.66409347,42.03488432,272.33,445031.278,4653862.71,2.9,1.5
"391","453",453,"10/19/2016",6,"LD","Acer","saccharinum","silver maple","0.68",NA,601,-93.66409925,42.03462774,273.538,445030.579,4653834.226,3.4,2.6
"392","453b",454,"10/23/2016",7,"LD","Cornus","drummondii","roughleaf dogwood","0.68",NA,602,-93.66380533,42.03526647,272.941,445055.457,4653904.956,6.6,3.4
"393","454",455,"10/23/2016",7,"LD","Pyrus","calleryana","callery pear","0.68",NA,603,-93.66383002,42.03528589,272.404,445053.431,4653907.128,2.9,1.5
"394","455",456,"10/23/2016",7,"LD","Pyrus","calleryana","callery pear","0.74",NA,604,-93.66383676,42.035296,272.249,445052.881,4653908.255,5.8,2.3
"395","456",457,"10/23/2016",7,"LD","Ulmus","pumila","siberian elm","1.04","adult s. elm?",605,-93.66379488,42.03535722,273.029,445056.401,4653915.025,3.5,1.6
"396","457",458,"10/23/2016",7,"LD","Ulmus","pumila","siberian elm","0.57",NA,606,-93.66380191,42.03536432,272.801,445055.825,4653915.818,5.8,2.1
"397","458",459,"10/23/2016",7,"LD","Ulmus","pumila","siberian elm","1.11","check",607,-93.66379742,42.0353789,273.097,445056.209,4653917.434,5.8,2.9
"398","459",460,"10/23/2016",7,"LD","Ulmus","pumila","siberian elm","0.81","check",608,-93.66380542,42.03538069,272.927,445055.548,4653917.638,3.3,2.4
"399","46",46,"10/8/2016",4,"LD","Acer","saccharinum","silver maple","0.58",NA,241,-93.66496246,42.03466102,273.644,444959.156,4653838.476,4.7,2.7
"400","460",461,"10/23/2016",7,"LD","Ulmus","pumila","siberian elm","0.62",NA,609,-93.66380585,42.03537494,272.83,445055.507,4653916.999,2.7,1.4
"401","461",462,"10/23/2016",7,"LD","Ulmus","pumila","siberian elm","0.59",NA,610,-93.66379354,42.03539665,272.687,445056.545,4653919.402,2.8,1.5
"402","462",463,"10/23/2016",7,"LD","Ulmus","pumila","siberian elm","0.72",NA,611,-93.66379144,42.03540055,272.569,445056.722,4653919.834,3.5,1.7
"403","463",464,"10/23/2016",7,"LD","Ulmus","pumila","siberian elm","0.65",NA,612,-93.66378468,42.03541614,272.694,445057.295,4653921.561,5.6,2.1
"404","464",465,"10/23/2016",7,"LD","Ulmus","pumila","siberian elm","0.74",NA,613,-93.66379052,42.03542085,272.397,445056.816,4653922.087,5.5,2.1
"405","465",466,"10/23/2016",7,"LD","Ulmus","pumila","siberian elm","0.75",NA,614,-93.66379894,42.03545341,272.224,445056.147,4653925.708,5.4,2.2
"406","466",467,"10/23/2016",7,"LD","Cornus","drummondii","roughleaf dogwood","1.16","same as 453",615,-93.66382878,42.03544385,272.128,445053.669,4653924.666,4.7,3.4
"407","467",468,"10/23/2016",7,"LD","Ulmus","pumila","siberian elm","0.82",NA,616,-93.6638033,42.03547757,272.112,445055.808,4653928.393,3.4,2.6
"408","468",469,"10/23/2016",7,"LD","Ulmus","pumila","siberian elm","0.63",NA,617,-93.66380938,42.0354686,272.055,445055.296,4653927.401,4,2.2
"409","469",470,"10/23/2016",7,"LD","Ulmus","pumila","siberian elm","0.66","on strip",618,-93.66382013,42.03546502,271.944,445054.403,4653927.01,2.6,1.4
"410","47",47,"10/8/2016",4,"LD","Cercis","canadensis","redbud","0.605","3 GPS points use 47 real",244,-93.66495743,42.03465071,272.858,444959.564,4653837.328,4.1,1.8
"411","470",471,"10/23/2016",7,"LD","Ulmus","pumila","siberian elm","0.6",NA,619,-93.66386317,42.03546498,271.822,445050.841,4653927.034,4.5,3.1
"412","471",472,"10/23/2016",7,"LD","Ulmus","pumila","siberian elm","0.68",NA,620,-93.66389446,42.03546031,271.644,445048.246,4653926.535,3.9,2.2
"413","472",473,"10/23/2016",7,"LD","Ulmus","pumila","siberian elm","0.52",NA,621,-93.66389317,42.03545825,271.669,445048.352,4653926.306,3.9,2.2
"414","473",474,"10/23/2016",7,"LD","Acer","saccharinum","silver maple","1.04","on strip",622,-93.66386798,42.03543171,271.929,445050.414,4653923.342,4.9,2.2
"415","474",475,"10/23/2016",7,"LD","Ulmus","pumila","siberian elm","0.52",NA,623,-93.66386378,42.03542566,270.904,445050.757,4653922.668,5.5,2.9
"416","476",477,"10/23/2016",7,"LD/HD","Vitus","riparia","grape vine","-",NA,624,-93.66385169,42.03539905,271.479,445051.734,4653919.705,4.7,2.2
"417","477",478,"10/23/2016",7,"LD/HD","Vitus","riparia","grape vine","-",NA,625,-93.6638795,42.03540211,271.472,445049.435,4653920.064,3.3,1.6
"418","478",479,"10/23/2016",7,"LD/HD","Vitus","riparia","grape vine","-",NA,626,-93.66388764,42.03539525,271.478,445048.755,4653919.307,3.3,1.6
"419","479",480,"10/23/2016",7,"LD/HD","Vitus","riparia","grape vine","-",NA,627,-93.66387264,42.03537857,271.563,445049.982,4653917.445,4.5,2.1
"420","48",48,"10/8/2016",4,"LD","Morus","alba","white mulberry","0.831","aon edge",245,-93.66493298,42.0346162,274.36,444961.558,4653833.481,4.1,1.8
"421","480",481,"10/23/2016",7,"LD/HD","Fraxinus","pennsylvanica","green ash","0.84",NA,628,-93.66387751,42.03536642,271.918,445049.569,4653916.1,4.2,3
"422","481",482,"10/23/2016",7,"LD/HD","Vitus","riparia","grape vine","-",NA,629,-93.66389164,42.03535958,271.734,445048.393,4653915.349,3.2,1.6
"423","482",483,"10/23/2016",7,"LD","Pyrus","calleryana","callery pear","0.57",NA,630,-93.66384136,42.03533867,272.408,445052.538,4653912.995,3.2,1.6
"424","483",484,"10/23/2016",7,"LD/HD","Fraxinus","pennsylvanica","green ash","0.62","no leaves/ buds",631,-93.66385908,42.03530925,272.408,445051.045,4653909.74,3.2,1.6
"425","484",485,"10/23/2016",7,"LD","Pyrus","calleryana","callery pear","0.7",NA,632,-93.66384527,42.03525927,273.1,445052.145,4653904.181,3.1,1.6
"426","485",486,"10/23/2016",7,"LD","Vitus","riparia","grape vine","-","on strip",633,-93.66388002,42.0352506,273.099,445049.261,4653903.242,4,2.9
"427","486",487,"10/23/2016",7,"LD","Vitus","riparia","grape vine","-","on strip",634,-93.6639015,42.03527759,272.344,445047.507,4653906.252,4,2.9
"428","487",488,"10/23/2016",7,"HD","Vitus","riparia","grape vine","-",NA,635,-93.6638931,42.03535032,272.18,445048.265,4653914.321,3.9,2.8
"429","488",489,"10/23/2016",7,"HD","Acer","saccharinum","silver maple","0.96",NA,636,-93.66390187,42.03536014,272.541,445047.547,4653915.418,3.9,2.8
"430","489",490,"10/23/2016",7,"LD","Vitus","riparia","grape vine","-",NA,638,-93.66391731,42.03542874,271.773,445046.329,4653923.044,11.4,5.8
"431","49",49,"10/8/2016",4,"LD","Cornus","stolonifera","red osier dogwood","0.676","on strip - red!!",246,-93.66492527,42.03463387,273.533,444962.212,4653835.438,7,3.3
"432","490",491,"10/23/2016",7,"LD","Vitus","riparia","grape vine","-",NA,639,-93.66391594,42.03545817,271.815,445046.467,4653926.311,3,1.6
"433","491",492,"10/23/2016",7,"LD","Acer","saccharinum","silver maple","0.74",NA,640,-93.66394813,42.03546781,271.374,445043.811,4653927.402,3.7,2.1
"434","492",493,"10/23/2016",7,"LD","Vitus","riparia","grape vine","-",NA,641,-93.66396038,42.0354354,271.49,445042.769,4653923.812,2.9,1.6
"435","493",494,"10/23/2016",7,"LD","Pyrus","calleryana","callery pear","1.76","not as red, fuzzy stems",642,-93.66394198,42.03542935,271.704,445044.286,4653923.128,2.9,1.6
"436","494",495,"10/23/2016",7,"LD","Pyrus","calleryana","callery pear","0.9",NA,643,-93.66394106,42.03540108,271.965,445044.339,4653919.988,2.9,1.5
"437","495",496,"10/23/2016",7,"LD","Vitus","riparia","grape vine","-",NA,644,-93.66396886,42.03539801,271.715,445042.035,4653919.666,2.9,1.5
"438","496",497,"10/23/2016",7,"LD","Vitus","riparia","grape vine","-",NA,645,-93.66395258,42.03539299,271.779,445043.378,4653919.098,3.7,2.5
"439","497",498,"10/23/2016",7,"LD","Vitus","riparia","grape vine","-",NA,646,-93.66393837,42.03537956,272.011,445044.543,4653917.598,2.8,1.5
"440","498",499,"10/23/2016",7,"HD","Vitus","riparia","grape vine","-",NA,647,-93.66394062,42.03535519,272.03,445044.336,4653914.893,15.7,8.4
"441","499",500,"10/23/2016",7,"HD","Vitus","riparia","grape vine","-",NA,648,-93.66395095,42.03529993,272.064,445043.433,4653908.765,2.8,1.5
"442","5",5,"10/8/2016",4,"LD","Acer","saccharinum","silver maple","0.995",NA,200,-93.66523035,42.03466443,272.103,444936.986,4653839.028,2.6,1.7
"443","50",50,"10/8/2016",4,"LD","unknown","unknown","unknown","0.804","malus/hawthorn, sharp,thorns",247,-93.66490143,42.03463107,273.461,444964.182,4653835.111,5.4,3
"444","500",501,"10/23/2016",7,"HD","Pyrus","calleryana","callery pear","1.3","waxier",649,-93.66396727,42.03529936,272.06,445042.082,4653908.711,3.6,2.4
"445","501",502,"10/23/2016",7,"HD","Vitus","riparia","grape vine","-",NA,650,-93.6639661,42.03529644,272.119,445042.176,4653908.386,18.9,10.4
"446","502",503,"10/23/2016",7,"LD/HD","Vitus","riparia","grape vine","-",NA,651,-93.66396904,42.03528474,272.124,445041.922,4653907.09,19.4,10.7
"447","503",504,"10/23/2016",7,"LD/HD","Rubus","unknown","raspberry","1.03",NA,652,-93.66393243,42.03527018,272.149,445044.94,4653905.449,2.7,1.5
"448","505",506,"10/23/2016",7,"LD","Vitus","riparia","grape vine","-",NA,655,-93.66404321,42.03546552,271.08,445035.939,4653927.21,3.5,2.1
"449","505",506,"10/23/2016",7,"LD","Vitus","riparia","grape vine","-",NA,740,-93.66399828,42.035213,272.466,445039.441,4653899.142,2.3,1.3
"450","506",507,"10/23/2016",7,"LD","Vitus","riparia","grape vine","-",NA,656,-93.66404087,42.03543008,271.046,445036.102,4653923.273,173.7,109.5
"451","507",508,"10/23/2016",7,"LD","Vitus","riparia","grape vine","-",NA,657,-93.66403909,42.0354451,271.235,445036.263,4653924.94,3.5,2.1
"452","508",509,"10/23/2016",7,"LD","Vitus","riparia","grape vine","-",NA,660,-93.66403478,42.03534186,271.558,445036.53,4653913.474,21,11.5
"453","509",510,"10/23/2016",7,"LD","Vitus","riparia","grape vine","-",NA,661,-93.66405946,42.03524271,271.775,445034.402,4653902.481,1.8,1
"454","51",51,"10/8/2016",4,"LD","Vitus","riparia","grape vine","0.303","spp uncertain",248,-93.66489229,42.03462757,273.647,444964.936,4653834.717,4.5,2.3
"455","510",511,"10/23/2016",7,"LD","Vitus","riparia","grape vine","-",NA,662,-93.66408012,42.03522737,271.742,445032.678,4653900.791,2.3,1.4
"456","511",512,"10/23/2016",7,"LD","Morus","alba","white mulberry","1.86","dif. Leaves",663,-93.66411375,42.03522016,271.723,445029.889,4653900.012,2.3,1.4
"457","512",513,"10/23/2016",7,"LD","Vitus","riparia","grape vine","-",NA,664,-93.66411016,42.03521598,271.729,445030.182,4653899.545,15.8,8.4
"458","513",514,"10/23/2016",7,"LD","Morus","alba","white mulberry","1.86","no leaves",665,-93.66415506,42.03520772,271.532,445026.458,4653898.657,2.3,1.4
"459","514",515,"10/23/2016",7,"LD","Morus","alba","white mulberry","2.9",NA,666,-93.6641595,42.03524364,271.248,445026.122,4653902.649,3.4,2.5
"460","515",516,"10/23/2016",7,"LD","Vitus","riparia","grape vine","-",NA,669,-93.66411464,42.03526817,271.332,445029.857,4653905.343,2.3,1.4
"461","516",517,"10/23/2016",7,"LD","Fraxinus","pennsylvanica","green ash","1.11",NA,667,-93.66414139,42.03526086,271.488,445027.636,4653904.549,2.3,1.4
"462","517",518,"10/23/2016",7,"LD","Vitus","riparia","grape vine","-",NA,668,-93.6641733,42.03525814,271.393,445024.992,4653904.267,2.3,1.5
"463","518",519,"10/23/2016",7,"LD","Vitus","riparia","grape vine","-",NA,670,-93.6641274,42.03527427,271.481,445028.806,4653906.029,2.8,1.8
"464","519",520,"10/23/2016",7,"LD","Vitus","riparia","grape vine","-",NA,671,-93.66407279,42.0352954,271.371,445033.344,4653908.339,11.4,5.8
"465","52",52,"10/8/2016",4,"LD","Crataegus","unknown","hawthorn","0.52","protected by chenopodium + switchgrass",249,-93.66487474,42.03464523,273.715,444966.404,4653836.666,4.2,2.1
"466","520",521,"10/23/2016",7,"LD","Rhamnus","unknown","buckthorn ","1.13","blue berries",674,-93.66409458,42.03532941,271.237,445031.569,4653912.13,10.4,5.2
"467","521",522,"10/23/2016",7,"LD","Vitus","riparia","grape vine","-",NA,676,-93.6641593,42.03529789,271.301,445026.185,4653908.672,2.4,1.5
"468","522",523,"10/23/2016",7,"LD","Cornus","drummondii","roughleaf dogwood","0.84","same as 453",677,-93.6641563,42.03535729,271.105,445026.485,4653915.265,3.3,2.2
"469","523",524,"10/23/2016",7,"LD","Vitus","riparia","grape vine","-",NA,679,-93.66413135,42.03535514,271.165,445028.548,4653915.01,3.1,1.9
"470","524",525,"10/23/2016",7,"LD","Vitus","riparia","grape vine","-",NA,680,-93.66409321,42.03535462,271.295,445031.705,4653914.928,2.1,1.3
"471","525",526,"10/23/2016",7,"LD","Acer","saccharinum","silver maple","0.78",NA,681,-93.66407201,42.03537884,271.394,445033.48,4653917.603,20.9,9.1
"472","526",527,"10/23/2016",7,"LD","Acer","saccharinum","silver maple","0.68",NA,682,-93.66408457,42.03539703,271.33,445032.456,4653919.631,2.1,1.3
"473","527",528,"10/23/2016",7,"LD","Vitus","riparia","grape vine","-",NA,684,-93.66407076,42.03542843,271.175,445033.627,4653923.108,2.4,1.6
"474","528",529,"10/23/2016",7,"LD","Vitus","riparia","grape vine","-",NA,685,-93.66410371,42.03543053,271.036,445030.901,4653923.363,6.7,6
"475","529",530,"10/23/2016",7,"LD","Acer","saccharinum","silver maple","0.7",NA,686,-93.66410624,42.03543252,271.18,445030.694,4653923.585,2.9,1.9
"476","53",53,"10/8/2016",4,"LD","Fraxinus","pennsylvanica","green ash","0.517",NA,250,-93.66487457,42.03480683,272.988,444966.557,4653854.609,4.8,2.8
"477","530",531,"10/23/2016",7,"LD","Vitus","riparia","grape vine","-",NA,687,-93.66413642,42.03541976,271.049,445028.184,4653922.189,2.9,1.9
"478","531",532,"10/23/2016",7,"LD","Morus","alba","white mulberry","0.8","no leaves - one deeply lobed",688,-93.66415215,42.03540565,271.276,445026.87,4653920.632,10.3,5.2
"479","532",533,"10/23/2016",7,"LD","Vitus","riparia","grape vine","-",NA,689,-93.66415456,42.03541313,271.144,445026.677,4653921.464,10.4,5.2
"480","533",534,"10/23/2016",7,"LD","Vitus","riparia","grape vine","-",NA,690,-93.66414664,42.03543056,271.202,445027.348,4653923.393,2.2,1.4
"481","534",535,"10/23/2016",7,"LD","Vitus","riparia","grape vine","-",NA,691,-93.66415514,42.03543886,271.188,445026.652,4653924.321,1.8,1.1
"482","535",536,"10/23/2016",7,"LD","Vitus","riparia","grape vine","-",NA,692,-93.66411898,42.03544044,271.341,445029.646,4653924.473,1.8,1.1
"483","536",537,"10/23/2016",7,"LD","Acer","saccharinum","silver maple","1.11","on strip",693,-93.66409122,42.03545187,271.439,445031.954,4653925.724,2.2,1.7
"484","537",538,"10/23/2016",7,"LD","Vitus","riparia","grape vine","-",NA,694,-93.66407519,42.0354536,271.283,445033.282,4653925.907,2.7,1.6
"485","538",539,"10/23/2016",3,"LD","Cornus","drummondii","roughleaf dogwood","0.82","on strip/no leaves, red stems",312,-93.66477472,42.03496415,272.81,444974.958,4653872.012,3.1,1.6
"486","539",540,"10/23/2016",3,"LD","Platanus","occidentalis","sycamore","0.52",NA,313,-93.66470981,42.03517111,272.296,444980.509,4653894.949,4.3,3
"487","54",54,"10/8/2016",4,"LD","Acer","saccharinum","silver maple","0.71",NA,251,-93.66487266,42.03485418,272.684,444966.756,4653859.865,2.7,1.7
"488","540",541,"10/23/2016",3,"LD","Platanus","occidentalis","sycamore","0.75","on strip",314,-93.66473326,42.03497467,274.085,444978.399,4653873.153,2.8,1.8
"489","541",542,"10/23/2016",3,"LD/HD","Acer","saccharinum","silver maple","0.58",NA,315,-93.66465768,42.03506665,273.563,444984.734,4653883.317,2.5,1.4
"490","542",543,"10/23/2016",3,"LD/HD","Acer","saccharinum","silver maple","0.58",NA,316,-93.66466209,42.03507412,272.859,444984.375,4653884.149,16,15.5
"491","543",544,"10/23/2016",3,"LD/HD","Acer","saccharinum","silver maple","1.28",NA,317,-93.66457585,42.03511138,272.727,444991.546,4653888.231,6.4,2.9
"492","544",545,"10/23/2016",3,"HD","Acer","saccharinum","silver maple","0.57",NA,318,-93.66458451,42.03502757,273.164,444990.757,4653878.931,3.6,1.9
"493","545",546,"10/23/2016",3,"LD","Acer","saccharinum","silver maple","0.52",NA,319,-93.66457088,42.03497547,273.311,444991.84,4653873.137,3,1.5
"494","546",547,"10/23/2016",3,"LD","Pyrus","calleryana","callery pear","1.02","few leaves/redder than dogwood",320,-93.66453008,42.03493849,273.471,444995.185,4653869.005,2.9,1.4
"495","547",548,"10/23/2016",3,"LD","Acer","saccharinum","silver maple","0.94","on strip",321,-93.66453098,42.03498073,273.372,444995.147,4653873.697,2.3,1.4
"496","548",549,"10/23/2016",3,"LD","Pyrus","calleryana","callery pear",NA,"on strip, no leaves",322,-93.66454049,42.03499015,273.314,444994.368,4653874.748,2.6,1.5
"497","549",550,"10/23/2016",3,"HD","Vitus","riparia","grape vine","-",NA,323,-93.66452853,42.03506049,272.611,444995.418,4653882.55,2.9,1.9
"498","55",55,"10/8/2016",4,"LD","Acer","saccharinum","silver maple","0.624","on strip ",252,-93.66489977,42.03489789,272.112,444964.55,4653864.735,3.2,2.1
"499","550",551,"10/23/2016",3,"HD","Vitus","riparia","grape vine","-",NA,324,-93.66451795,42.03506369,272.598,444996.297,4653882.898,2.9,1.9
"500","551",552,"10/23/2016",3,"HD","Vitus","riparia","grape vine","-",NA,325,-93.66452439,42.03509472,272.691,444995.791,4653886.348,3,1.9
"501","552",553,"10/23/2016",3,"HD","Vitus","riparia","grape vine","-",NA,326,-93.664517,42.0350997,272.612,444996.407,4653886.896,2.3,1.3
"502","553",554,"10/23/2016",3,"HD","Acer","saccharinum","silver maple","1.19",NA,327,-93.66450939,42.03509303,272.542,444997.031,4653886.151,3.1,1.4
"503","554",555,"10/23/2016",3,"LD","Cornus","drummondii","roughleaf dogwood","1.46",NA,328,-93.66450385,42.03513474,272.3,444997.526,4653890.778,2.3,1.2
"504","555",556,"10/23/2016",3,"LD","Fraxinus","pennsylvanica","green ash","0.94",NA,329,-93.66447891,42.03520395,271.805,444999.65,4653898.447,2.1,1.4
"505","556",557,"10/23/2016",3,"LD","Cornus","drummondii","roughleaf dogwood","0.85",NA,330,-93.66444665,42.03520069,271.589,445002.317,4653898.065,16,8.7
"506","557",558,"10/23/2016",3,"HD","Vitus","riparia","grape vine","-",NA,331,-93.66448933,42.03506255,272.7,444998.665,4653882.754,2.4,1.2
"507","558",559,"10/23/2016",3,"HD","Acer","saccharinum","silver maple","1.32",NA,332,-93.6644866,42.03504699,272.415,444998.878,4653881.025,3,1.9
"508","559",560,"10/23/2016",3,"LD/HD","Acer","saccharinum","silver maple","0.57",NA,333,-93.66449098,42.03499328,272.856,444998.469,4653875.064,2.9,2
"509","56",56,"10/8/2016",4,"LD","Vitus","riparia","grape vine","0.775","growing up a lespidiza stem ",253,-93.66484801,42.03489225,272.845,444968.829,4653864.076,8.1,3.4
"510","560",561,"10/23/2016",3,"LD","Vitus","riparia","grape vine","-",NA,334,-93.66445554,42.03500883,272.716,445001.415,4653876.767,2.6,1.4
"511","561",562,"10/23/2016",3,"LD","Platanus","occidentalis","sycamore","1.3","on strip ",335,-93.66448908,42.03497387,273.232,444998.609,4653872.908,2.4,1.2
"512","562",563,"10/23/2016",3,"LD","Vitus","riparia","grape vine","-",NA,336,-93.66443683,42.03492725,273.137,445002.894,4653867.698,3,1.8
"513","563",564,"10/23/2016",3,"LD","Pyrus","calleryana","callery pear","0.67",NA,337,-93.6645682,42.03516455,272.306,444992.225,4653894.129,2.5,1.3
"514","564",565,"10/23/2016",3,"LD","Acer","saccharinum","silver maple","0.73",NA,338,-93.66456173,42.03516833,272.179,444992.763,4653894.545,2.5,1.3
"515","565",566,"10/23/2016",3,"LD","Cornus","drummondii","roughleaf dogwood","0.61",NA,739,-93.66477444,42.03497808,273.162,444974.993,4653873.559,38.7,24
"516","57",57,"10/12/2016",2,"LD","Acer","negundo","boxelder","0.77","boxelder? Check bark",1,-93.66519887,42.03505813,270.067,444939.93,4653882.719,3.6,1.8
"517","577",567,"10/26/2016",8,"LD","Ulmus","pumila","siberian elm","0.68","darker",343,-93.66373208,42.03535527,272.551,445061.597,4653914.768,4.3,2.5
"518","578",568,"10/26/2016",8,"LD","Ulmus","pumila","siberian elm","1.64","lighter",344,-93.66372805,42.03532834,273.367,445061.907,4653911.776,10.8,6.1
"519","579",569,"10/26/2016",8,"LD","Ulmus","pumila","siberian elm","0.67","lighter",345,-93.66373311,42.03532375,273.181,445061.485,4653911.269,2.6,1.4
"520","58",58,"10/12/2016",2,"LD","Acer","saccharinum","silver maple","0.51",NA,2,-93.66518206,42.03511616,270.726,444941.373,4653889.151,3.5,1.8
"521","580",570,"10/26/2016",8,"LD","Vitus","riparia","grape vine","-",NA,346,-93.6636861,42.03511526,273.196,445065.196,4653888.09,2.7,1.3
"522","581",571,"10/26/2016",8,"LD","Morus","alba","white mulberry","1.23","no leaves",347,-93.66368351,42.03511462,273.237,445065.41,4653888.018,2.8,1.6
"523","582",572,"10/26/2016",8,"LD","Vitus","riparia","grape vine","0.79",NA,348,-93.66370358,42.03510486,272.984,445063.741,4653886.946,11.1,6.1
"524","583",573,"10/26/2016",8,"LD","Acer","saccharinum","silver maple","0.76",NA,349,-93.66370261,42.03510975,273.055,445063.824,4653887.49,2.4,1.2
"525","584",574,"10/26/2016",8,"LD","Platanus","occidentalis","sycamore","0.73",NA,350,-93.66369849,42.03510919,273.055,445064.165,4653887.424,2.2,1.2
"526","585",575,"10/26/2016",8,"LD","Acer","saccharinum","silver maple","0.72",NA,351,-93.66369762,42.03510645,273.009,445064.235,4653887.119,2.2,1.2
"527","586",576,"10/26/2016",8,"LD","Pyrus","calleryana","callery pear","1.16","red veins",352,-93.66371262,42.03508409,273.062,445062.974,4653884.647,3,1.6
"528","587",577,"10/26/2016",8,"LD","Acer","saccharinum","silver maple","0.87",NA,353,-93.66370909,42.03507181,272.783,445063.256,4653883.281,2.5,1.3
"529","588",578,"10/26/2016",8,"LD","Vitus","riparia","grape vine","-",NA,354,-93.66369517,42.03508058,272.937,445064.415,4653884.246,2.5,1.3
"530","589",579,"10/26/2016",8,"LD","Ulmus","pumila","siberian elm","0.5","lighter",355,-93.66362865,42.03507997,272.947,445069.921,4653884.135,9,4.6
"531","59",59,"10/12/2016",2,"LD","Vitus","riparia","grape vine","-","on strip",3,-93.6651744,42.03516743,270.162,444942.05,4653894.84,3.2,1.7
"532","590",580,"10/26/2016",8,"LD","Acer","saccharinum","silver maple","0.96",NA,356,-93.66363574,42.03508956,273.107,445069.342,4653885.204,2.2,1.1
"533","591",581,"10/26/2016",8,"LD","Morus","alba","white mulberry","0.69","deep lobes",357,-93.66363388,42.03509139,273.09,445069.498,4653885.406,2.2,1.1
"534","592",582,"10/26/2016",8,"LD","Vitus","riparia","grape vine","-",NA,358,-93.66366023,42.03509098,272.949,445067.316,4653885.377,2.5,1.3
"535","593",583,"10/26/2016",8,"LD","Cornus","drummondii","roughleaf dogwood","1.22",NA,359,-93.66366536,42.03509757,273.156,445066.897,4653886.113,2.8,1.5
"536","594",584,"10/26/2016",8,"LD","Vitus","riparia","grape vine","-",NA,360,-93.66364679,42.03509759,272.948,445068.435,4653886.103,4.3,2.6
"537","595",585,"10/26/2016",8,"LD","Acer","saccharinum","silver maple","0.68",NA,361,-93.66364795,42.03511086,273.265,445068.35,4653887.577,2.4,1.4
"538","596",586,"10/26/2016",8,"LD","Vitus","riparia","grape vine","-",NA,362,-93.66365979,42.03510708,273.131,445067.367,4653887.165,2.5,1.3
"539","597",587,"10/26/2016",8,"LD","unknown","unknown","unknown","0.74","opposite leaves, red stem, blunt edge",363,-93.66365915,42.03510542,272.789,445067.418,4653886.98,2.4,1.2
"540","598",588,"10/26/2016",8,"LD","Pyrus","calleryana","callery pear","1.01","red veins",364,-93.66365215,42.03511876,273.403,445068.009,4653888.457,2.4,1.2
"541","599",589,"10/26/2016",8,"LD","Acer","saccharinum","silver maple","0.52",NA,365,-93.66363613,42.03513882,273.436,445069.353,4653890.674,2.9,2.1
"542","6",6,"10/8/2016",4,"LD","Acer","saccharinum","silver maple","0.61",NA,201,-93.66522314,42.03464719,272.241,444937.567,4653837.108,2.6,1.7
"543","60",60,"10/12/2016",2,"LD","Acer","saccharinum","silver maple","0.59",NA,4,-93.66518744,42.03518419,269.884,444940.986,4653896.708,5.5,4.8
"544","600",590,"10/26/2016",8,"LD","Pyrus","calleryana","callery pear","0.56","598",366,-93.663634,42.03517604,273.623,445069.561,4653894.805,2.5,1.3
"545","601",591,"10/26/2016",8,"LD","Fraxinus","pennsylvanica","green ash","1.04",NA,367,-93.66364554,42.03522391,273.93,445068.647,4653900.127,2.1,1.1
"546","602",592,"10/26/2016",8,"LD","Vitus","riparia","grape vine","-",NA,368,-93.66364648,42.03524092,273.906,445068.583,4653902.017,2.1,1.1
"547","603",593,"10/26/2016",8,"LD","Vitus","riparia","grape vine","-","on strip",369,-93.66364691,42.03528921,273.796,445068.59,4653907.378,2.3,1.3
"548","604",594,"10/26/2016",8,"LD","Ulmus","pumila","siberian elm","0.5","lighter but small",370,-93.66365933,42.03533226,273.693,445067.598,4653912.167,3.3,1.5
"549","605",595,"10/26/2016",8,"LD","Ulmus","pumila","siberian elm","0.63",NA,371,-93.66362263,42.03527157,274.048,445070.584,4653905.405,7.8,3.5
"550","607",597,"10/26/2016",8,"LD","Rubus","unknown","raspberry","0.99",NA,372,-93.66363507,42.03522646,273.867,445069.516,4653900.404,2.5,1.3
"551","607",597,"10/26/2016",8,"LD","Rubus","unknown","raspberry","0.99",NA,373,-93.6635738,42.03519703,274.061,445074.561,4653897.097,2.1,1.2
"552","608",598,"10/26/2016",8,"HD","Cornus","drummondii","roughleaf dogwood","0.99",NA,374,-93.66357941,42.03519712,274.121,445074.097,4653897.111,2.1,1.2
"553","609",599,"10/26/2016",8,"HD","Prunus","serotina","black cherry","1.01",NA,375,-93.66359799,42.03517021,273.881,445072.537,4653894.135,3.3,1.5
"554","61",61,"10/12/2016",2,"LD","Acer","saccharinum","silver maple","0.78",NA,5,-93.66516997,42.03508351,270.529,444942.345,4653885.518,1.9,1.1
"555","610",600,"10/26/2016",8,"LD/HD","Vitus","riparia","grape vine","-",NA,376,-93.66360423,42.03512872,273.581,445071.984,4653889.532,6.8,3.1
"556","611",601,"10/26/2016",8,"LD","Vitus","riparia","grape vine","-",NA,377,-93.66362986,42.0350978,273.303,445069.836,4653886.116,2.8,1.5
"557","612",602,"10/26/2016",8,"LD","Acer","saccharinum","silver maple","0.6",NA,378,-93.66362232,42.03509589,273.233,445070.459,4653885.899,2.7,1.7
"558","613",603,"10/26/2016",8,"LD","Acer","saccharinum","silver maple","0.63",NA,379,-93.66362219,42.03508923,273.3,445070.463,4653885.159,3.3,1.5
"559","614",604,"10/26/2016",8,"LD","Acer","saccharinum","silver maple","1.2",NA,380,-93.66361704,42.03508457,273.753,445070.886,4653884.639,2.3,1.4
"560","615",605,"10/26/2016",8,"LD","Morus","alba","white mulberry","1.12","deeply lobed",381,-93.66359829,42.03508467,273.506,445072.438,4653884.638,2.5,1.4
"561","616",606,"10/26/2016",8,"LD","Acer","saccharinum","silver maple","1.05",NA,382,-93.66359941,42.03506835,273.337,445072.331,4653882.826,2.5,1.4
"562","617",607,"10/26/2016",8,"LD","Morus","alba","white mulberry","0.65","both leaves",383,-93.66354959,42.03511186,273.627,445076.493,4653887.625,5.9,2.7
"563","618",608,"10/26/2016",8,"LD","Vitus","riparia","grape vine","-",NA,384,-93.66354612,42.03513651,273.713,445076.801,4653890.36,1.9,1.2
"564","619",609,"10/26/2016",8,"LD/HD",NA,NA,NA,NA,"not tall enough",385,-93.66356802,42.0351279,273.654,445074.981,4653889.418,2.9,1.5
"565","62",62,"10/12/2016",2,"LD","Acer","saccharinum","silver maple","0.69",NA,6,-93.66515664,42.03504697,270.921,444943.416,4653881.453,2.1,1.1
"566","620",610,"10/26/2016",8,"LD/HD","Acer","saccharinum","silver maple","0.87",NA,386,-93.66351951,42.03514164,273.97,445079.008,4653890.912,2.5,1.4
"567","621",611,"10/26/2016",8,"LD/HD","Acer","saccharinum","silver maple","2.22",NA,387,-93.66353709,42.03514875,274.173,445077.559,4653891.713,1.9,1.2
"568","622",612,"10/26/2016",8,"LD/HD","Platanus","occidentalis","sycamore","2.54",NA,388,-93.66353475,42.03515866,274.318,445077.761,4653892.811,1.9,1.2
"569","623",613,"10/26/2016",8,"LD/HD","Acer","saccharinum","silver maple","0.97",NA,389,-93.66354763,42.03514587,274.12,445076.684,4653891.4,2.9,1.5
"570","624",614,"10/26/2016",8,"HD","Pyrus","calleryana","callery pear","0.67","red vein",390,-93.66355463,42.0351957,274.25,445076.147,4653896.938,2.5,1.9
"571","625",615,"10/26/2016",8,"HD","Acer","negundo","boxelder","0.61","white buds, red stem",391,-93.66353592,42.03522481,274.007,445077.721,4653900.157,2.8,2.1
"572","626",616,"10/26/2016",8,"HD","Pyrus","calleryana","callery pear","0.62","624",392,-93.66352881,42.03522118,274.318,445078.306,4653899.75,3.4,1.9
"573","627",617,"10/26/2016",8,"LD/HD","Vitus","riparia","grape vine","-",NA,439,-93.66356209,42.035269,273.95,445075.593,4653905.08,3.7,2.5
"574","628",618,"10/26/2016",8,"LD/HD","Vitus","riparia","grape vine","-",NA,393,-93.66352349,42.0352788,274.481,445078.797,4653906.143,3.3,2
"575","629",619,"10/26/2016",8,"LD/HD","Ulmus","pumila","siberian elm","1.3","small, light/bent 1-stick",394,-93.66352165,42.03527801,274.501,445078.948,4653906.055,2.7,1.5
"576","63",63,"10/12/2016",2,"LD/HD","Fraxinus","pennsylvanica","green ash","0.71","buds brown, box=white",7,-93.66514124,42.03504392,270.098,444944.689,4653881.105,3,1.7
"577","630",620,"10/26/2016",8,"LD/HD","Pyrus","calleryana","callery pear","0.61",NA,395,-93.66349635,42.03521148,274.377,445080.985,4653898.651,2.7,1.5
"578","631",621,"10/26/2016",8,"LD","Acer","saccharinum","silver maple","0.76",NA,396,-93.66348213,42.03511318,273.943,445082.077,4653887.728,2.7,1.5
"579","632",622,"10/26/2016",8,"LD","Pyrus","calleryana","callery pear","1.04","not as red",397,-93.66344259,42.03507166,274.007,445085.315,4653883.093,3.5,1.7
"580","633",623,"10/26/2016",8,"LD","Acer","saccharinum","silver maple","0.78",NA,398,-93.66345781,42.03507131,273.94,445084.054,4653883.064,4.4,2.3
"581","634",624,"10/26/2016",8,"LD","Acer","saccharinum","silver maple","0.83",NA,399,-93.66347913,42.03509026,273.96,445082.306,4653885.182,3.3,2.3
"582","635",625,"10/26/2016",8,"LD","Acer","saccharinum","silver maple","1.09",NA,400,-93.6634319,42.03511292,274.392,445086.235,4653887.667,5.8,2.1
"583","636",626,"10/26/2016",8,"LD","Vitus","riparia","grape vine","-",NA,401,-93.66343429,42.03511858,274.113,445086.042,4653888.297,2.8,1.5
"584","637",627,"10/26/2016",8,"LD","Morus","alba","white mulberry","1.26","waxy grey/no leaves, on strip",402,-93.66343068,42.03511747,274.076,445086.34,4653888.171,5.7,2.1
"585","638",628,"10/26/2016",8,"LD","Acer","saccharinum","silver maple","1.27","on strip ",403,-93.66345512,42.03513816,274.567,445084.335,4653890.485,3.3,2.4
"586","639",629,"10/26/2016",8,"LD","Vitus","riparia","grape vine","-",NA,404,-93.66345986,42.03514553,274.194,445083.949,4653891.306,5.6,2.1
"587","64",64,"10/12/2016",2,"LD/HD","Vitus","riparia","grape vine","-",NA,8,-93.66514704,42.03501898,270.057,444944.187,4653878.339,3.4,1.9
"588","640",630,"10/26/2016",8,"LD","Vitus","riparia","grape vine","-",NA,405,-93.66347729,42.0351367,274.03,445082.499,4653890.336,3.5,1.7
"589","641",631,"10/26/2016",8,"LD","Vitus","riparia","grape vine","-",NA,406,-93.66347274,42.03515675,273.524,445082.892,4653892.56,3.9,3.1
"590","642",632,"10/26/2016",8,"LD","Platanus","occidentalis","sycamore","1.55",NA,407,-93.66346773,42.03519937,274.537,445083.344,4653897.289,3.4,2.5
"591","643",633,"10/26/2016",8,"LD","Morus","alba","white mulberry ","0.96","deeply lobed",408,-93.66346039,42.03521975,274.678,445083.969,4653899.547,6.1,3.4
"592","644",634,"10/26/2016",8,"LD","Acer","saccharinum","silver maple","0.7",NA,409,-93.66344319,42.03519629,274.025,445085.372,4653896.931,5.4,2.2
"593","645",635,"10/26/2016",8,"LD","Vitus","riparia","grape vine","-",NA,410,-93.66343254,42.03520418,274.102,445086.26,4653897.8,5.3,2.2
"594","646",636,"10/26/2016",8,"LD","Vitus","riparia","grape vine","-",NA,411,-93.6634632,42.03524379,274.706,445083.757,4653902.218,6,3.4
"595","647",637,"10/26/2016",8,"HD","Vitus","riparia","grape vine","-",NA,412,-93.66346132,42.03525612,274.635,445083.923,4653903.586,3.4,2.6
"596","648",638,"10/26/2016",8,"HD","Vitus","riparia","grape vine","-",NA,413,-93.66346894,42.03526665,274.289,445083.301,4653904.76,6,3.4
"597","649",639,"10/26/2016",8,"HD","Pyrus","calleryana","callery pear","0.58","not red",414,-93.66349732,42.03525943,274.502,445080.946,4653903.977,2.5,1.4
"598","65",65,"10/12/2016",2,"LD","Acer","saccharinum","silver maple","0.57","on strip",9,-93.66514654,42.0349893,271.009,444944.203,4653875.044,4.2,2.9
"599","650",640,"10/26/2016",8,"LD","Ulmus","pumila","siberian elm","1.2",NA,415,-93.66335424,42.03534907,274.73,445092.867,4653913.837,7.7,3.6
"600","651",641,"10/26/2016",8,"LD","Rubus","unknown","raspberry","0.54",NA,416,-93.66337305,42.03529612,274.713,445091.264,4653907.971,4.9,2.2
"601","652",642,"10/26/2016",8,"LD","Vitus","riparia","grape vine","-",NA,417,-93.66338133,42.03528826,274.776,445090.571,4653907.103,3.9,2.2
"602","653",643,"10/26/2016",8,"LD","Vitus","riparia","grape vine","-",NA,418,-93.66338962,42.03528206,274.564,445089.88,4653906.419,3.5,2.8
"603","654",644,"10/26/2016",8,"LD","Vitus","riparia","grape vine","-","on strip",419,-93.66343559,42.0352687,274.74,445086.063,4653904.965,3.3,1.7
"604","655",645,"10/26/2016",8,"LD","Morus","alba","white mulberry","0.82","both leaves",420,-93.66337737,42.03524112,275.031,445090.859,4653901.866,4.6,2.2
"605","656",646,"10/26/2016",8,"LD","Morus","alba","white mulberry","0.75","deep lobes - extra lobe",421,-93.66342282,42.03522698,274.105,445087.085,4653900.325,3.3,1.6
"606","657",647,"10/26/2016",8,"LD","Vitus","riparia","grape vine","-",NA,422,-93.663368,42.03520276,274.474,445091.601,4653897.601,4.5,2.2
"607","658",648,"10/26/2016",8,"LD","Pyrus","calleryana","callery pear","0.89","red",423,-93.66337321,42.03519652,274.235,445091.165,4653896.912,3.3,1.6
"608","659",649,"10/26/2016",8,"LD","Pyrus","calleryana","callery pear","1.8","stem not as red",424,-93.66338631,42.03519141,274.203,445090.076,4653896.353,4.1,3
"609","66",66,"10/12/2016",2,"LD","Acer","saccharinum","silver maple","0.74","no leaves",10,-93.66517027,42.03494081,271.599,444942.197,4653869.675,4.2,2.9
"610","660",650,"10/26/2016",8,"LD","Acer","saccharinum","silver maple","0.61",NA,425,-93.6633609,42.03518298,274.688,445092.172,4653895.4,4.5,2.2
"611","661",651,"10/26/2016",8,"LD","Vitus","riparia","grape vine","-",NA,426,-93.66340083,42.03517182,274.822,445088.858,4653894.187,9.2,4.4
"612","662",652,"10/26/2016",8,"LD","Morus","alba","white mulberry","1.34","deep lobe",427,-93.6633769,42.03517071,274.816,445090.837,4653894.048,3.2,1.6
"613","663",653,"10/26/2016",8,"LD","Pyrus","calleryana","callery pear","1.06","red stems, not veins",428,-93.66340615,42.03514658,274.349,445088.395,4653891.387,4.2,2.1
"614","664",654,"10/26/2016",8,"LD","Platanus","occidentalis","sycamore","0.58","on strip ",429,-93.66343548,42.03514646,274.28,445085.967,4653891.393,9.9,4.9
"615","665",655,"10/26/2016",8,"LD","Vitus","riparia","grape vine","-","on strip ",430,-93.66339156,42.03510906,274.287,445089.57,4653887.212,4.1,2.1
"616","666",656,"10/26/2016",8,"LD","Acer","saccharinum","silver maple","0.87",NA,431,-93.66337421,42.03510433,274.716,445091.003,4653886.676,3.1,1.6
"617","667",657,"10/26/2016",8,"LD","Cornus","drummondii","roughleaf dogwood","0.94",NA,432,-93.66338941,42.03508031,274.329,445089.724,4653884.019,3.1,1.6
"618","668",658,"10/26/2016",8,"LD","Vitus","riparia","grape vine","-",NA,433,-93.66338308,42.03508006,274.243,445090.247,4653883.988,3.2,1.6
"619","669",659,"10/26/2016",8,"LD","Platanus","occidentalis","sycamore","1.37",NA,434,-93.66336872,42.0350666,274.43,445091.425,4653882.484,3.9,2.1
"620","67",67,"10/12/2016",2,"HD","Platanus","occidentalis","sycamore","1.34",NA,11,-93.6651174,42.03506546,270.881,444946.681,4653883.481,4.1,2.8
"621","670",660,"10/26/2016",8,"LD","Cornus","stolonifera","red osier dogwood","-","very red",435,-93.66339348,42.03507413,274.225,445089.382,4653883.336,3.9,2.7
"622","671",661,"10/26/2016",8,"LD","Acer","saccharinum","silver maple","0.64",NA,436,-93.66342558,42.03509716,274.786,445086.744,4653885.913,3.8,2.7
"623","672",662,"10/26/2016",8,"LD","Cornus","drummondii","roughleaf dogwood","0.69",NA,437,-93.66339079,42.03507925,273.96,445089.609,4653883.903,4.5,3
"624","673",663,"10/26/2016`",8,"LD","Morus","alba","white mulbery ","0.88",NA,438,-93.66367494,42.03511936,273.258,445066.123,4653888.539,6.1,3.3
"625","68",68,"10/12/2016",2,"LD","Acer","negundo","boxelder","0.62",NA,12,-93.6651209,42.03512925,271.687,444946.446,4653890.566,2.2,1.3
"626","69",69,"10/12/2016",2,"LD","Acer","negundo","boxelder","0.69",NA,13,-93.66510847,42.0351838,270.511,444947.522,4653896.614,2.7,1.4
"627","7",7,"10/8/2016",4,"LD","Acer","saccharinum","silver maple","1.34","deer herb.",202,-93.66522821,42.03464563,272.433,444937.146,4653836.938,4.4,2.1
"628","70",70,"10/12/2016",2,"LD/HD","Acer","saccharinum","silver maple","0.68",NA,14,-93.66509978,42.03512968,270.199,444948.194,4653890.6,2.1,1.1
"629","71",71,"10/12/2016",2,"HD","unknown","unknown","unknown","0.81","no leaves - can't tell, herb",15,-93.66509652,42.03510999,270.727,444948.448,4653888.411,3.4,1.7
"630","72",72,"10/12/2016",2,"HD","Acer","negundo","boxelder","0.75",NA,16,-93.66508666,42.03508138,270.823,444949.239,4653885.229,2.8,1.6
"631","73",73,"10/12/2016",2,"HD","unknown","unknown","unknown","0.6","herb - no leaves - can't tell, ash?",17,-93.66509202,42.03504625,270.763,444948.765,4653881.331,36.5,15.5
"632","74",74,"10/12/2016",2,"LD/HD","Prunus","serotina","black cherry","1.59",NA,18,-93.66509731,42.03503378,270.616,444948.316,4653879.95,2.3,1.2
"633","75",75,"10/12/2016",2,"LD/HD","Acer","saccharinum","silver maple","1.02","next to deer trail",19,-93.66510561,42.0350141,270.995,444947.612,4653877.77,2.5,1.3
"634","76",76,"10/12/2016",2,"LD/HD","Prunus","serotina","black cherry","1.71","next to deer trail",20,-93.66510384,42.03500893,271.181,444947.754,4653877.195,2.8,1.6
"635","77",77,"10/12/2016",2,"LD/HD","Prunus","serotina","black cherry","1.01","next to deer trail",21,-93.66510166,42.03500554,271.197,444947.932,4653876.818,2.8,1.6
"636","78",78,"10/12/2016",2,"LD/HD","Fraxinus","pennsylvanica","green ash","0.57","next to deer trail, almost on strip end",22,-93.66509859,42.03500619,271.261,444948.186,4653876.888,10.7,5.6
"637","79",79,"10/12/2016",2,"LD/HD","Prunus","serotina","black cherry","0.98","herb damage, next to deer trail, almost on strip end",23,-93.66509965,42.03500003,271.64,444948.093,4653876.205,2.8,1.5
"638","8",8,"10/8/2016",4,"LD","Cornus","drummondii","roughleaf dogwood","0.6","unknown - leaves entire, rough, opposite, long leaves, browny-red, not glaborous ",203,-93.66522456,42.0346426,271.992,444937.446,4653836.6,2.7,1.8
"639","80",80,"10/12/2016",2,"LD/edg","Vitus","riparia","grape vine","-",NA,24,-93.66512678,42.03492317,271.114,444945.781,4653867.689,4.7,3
"640","81",81,"10/12/2016",2,"LD","Prunus","serotina","black cherry","0.92",NA,26,-93.6650709,42.03498694,270.133,444950.462,4653874.733,2.2,1.1
"641","82",82,"10/12/2016",2,"LD","Prunus","serotina","black cherry","0.99",NA,27,-93.66507496,42.03500136,271.136,444950.138,4653876.336,2.2,1.1
"642","83",83,"10/12/2016",2,"LD","Prunus","serotina","black cherry","1.08",NA,28,-93.66506331,42.03500469,271.209,444951.105,4653876.699,2.2,1.1
"643","84",84,"10/12/2016",2,"HD","Vitus","riparia","grape vine","-","very small",29,-93.6650563,42.03501531,270.785,444951.694,4653877.873,6.1,3.6
"644","85",85,"10/12/2016",2,"LD","Vitus","riparia","grape vine",NA,"silver maple to small",30,-93.66503699,42.03514705,270.702,444953.407,4653892.488,3.1,1.3
"645","86",86,"10/12/2016",2,"HD","Prunus","serotina","black cherry","0.98",NA,31,-93.66502168,42.03506463,270.959,444954.603,4653883.327,2,1.1
"646","87",87,"10/12/2016",2,"HD","Acer","saccharinum","silver maple","1.82",NA,32,-93.66502065,42.035047,271.358,444954.673,4653881.369,2.5,1.3
"647","88",88,"10/12/2016",2,"LD","Prunus","serotina","black cherry","1.16",NA,33,-93.66501778,42.03500533,270.978,444954.874,4653876.741,2.9,1.5
"648","89",89,"10/12/2016",2,"LD","Acer","saccharinum","silver maple","0.76","lots of herb. Deer",34,-93.66504978,42.03501348,270.773,444952.233,4653877.666,2.2,1.2
"649","9",9,"10/8/2016",4,"LD","Crataegus","unknown","hawthorn","1.04","pics 1,2",204,-93.66521783,42.0346421,271.273,444938.002,4653836.539,4.4,2
"650","90",90,"10/12/2016",2,"LD","Prunus","serotina","black cherry","0.86","edge",35,-93.66505621,42.03492771,272.046,444951.627,4653868.147,2.1,1.3
"651","91",91,"10/12/2016",2,"LD","Prunus","serotina","black cherry","0.71","edge",36,-93.66506073,42.03492504,272.017,444951.251,4653867.854,1.9,1.1
"652","92",92,"10/12/2016",2,"LD","Prunus","serotina","black cherry","0.5","edge",37,-93.66507755,42.03493559,272.552,444949.867,4653869.035,1.9,1.2
"653","93",93,"10/13/2016",2,"HD","Acer","negundo","boxelder","0.53",NA,38,-93.66500519,42.03502595,271.995,444955.935,4653879.022,1.8,1.1
"654","94",94,"10/13/2016",2,"LD/HD","Acer","saccharinum","silver maple","0.66",NA,39,-93.66495779,42.03508079,271.615,444959.906,4653885.08,2.9,1.2
"655","95",95,"10/13/2016",2,"LD/HD","Acer","saccharinum","silver maple","0.5",NA,40,-93.66495703,42.0350774,271.924,444959.965,4653884.703,2.3,1.4
"656","96",96,"10/13/2016",2,"LD/HD","Acer","saccharinum","silver maple","0.5",NA,41,-93.66494804,42.03503367,271.496,444960.672,4653879.842,3.3,1.9
"657","97",97,"10/13/2016",2,"LD","Acer","saccharinum","silver maple","0.77",NA,42,-93.6648963,42.0350173,272.373,444964.94,4653877.991,2.5,1.7
"658","98",98,"10/13/2016",2,"LD","Acer","saccharinum","silver maple","0.53",NA,43,-93.66490468,42.03503575,271.39,444964.262,4653880.045,2.4,1.4
"659","99",99,"10/13/2016",1,"LD","Acer","saccharinum","silver maple","1.02",NA,45,-93.66479373,42.03527307,272.345,444973.651,4653906.323,2.6,1.6
